station,vmm,ch,channel_id,x,y,radius,phi,pad_area,connector_N,half,n_track,k_track,eff,n_hits,adc_med,adc_p25,adc_p75,adc_med_raw8,adc_mpv,masked,illuminated,eff_err
P2_IN,2,0,447,144.3471,56.383,205.3015,0.40114047,130.567,4,bot,0.0,0.0,,506.0,190.47619047619048,129.71428571428572,1012.5,189.33333333333334,1016.0,False,False,
P2_IN,2,1,446,538.9023,208.4196,628.147,0.38036893,133.018,4,bot,0.0,0.0,,14193.0,85.84567322711652,73.55570606163224,112.33569739952718,84.55279805352798,72.0,False,False,
P2_IN,2,2,445,357.7356,138.249,433.8677,0.38582775,132.609,4,bot,0.0,0.0,,44792.0,76.36308753773179,66.70547649849073,94.8098647573588,74.5648461414532,72.0,False,False,
P2_IN,2,3,444,176.5673,68.1079,239.5518,0.38981025,131.228,4,bot,0.0,0.0,,7307.0,91.2487899322362,77.27941844616083,121.7607223476298,89.41208053691275,72.0,False,False,
P2_IN,2,4,443,389.9576,149.9791,468.1374,0.38230133,132.702,4,bot,0.0,0.0,,29564.0,87.55484896661368,74.53383324406356,113.0755502676978,85.96360594017987,72.0,False,False,
P2_IN,2,5,442,422.179,161.709,502.4153,0.38036152,132.783,4,bot,0.0,0.0,,49093.0,86.29412613652764,74.27675528289025,106.87693389592124,84.80202598546576,72.0,False,False,
P2_IN,2,6,441,208.787,79.8333,273.8179,0.38371553,131.661,4,bot,0.0,0.0,,14650.0,71.58982909545644,59.60015866719556,90.49338700402531,69.5360291882031,56.0,False,False,
P2_IN,2,7,440,454.3997,173.4382,536.6903,0.37806329,132.865,4,bot,0.0,0.0,,33715.0,85.59804300244625,73.3396501457726,109.85648385443363,84.36108324974924,72.0,False,False,
P2_IN,2,8,439,486.6205,185.1675,570.9702,0.37657601,132.928,4,bot,0.0,0.0,,25492.0,85.45738451528952,73.47113274167383,108.88210818307905,84.34498834498835,72.0,False,False,
P2_IN,2,9,438,241.0062,91.5587,308.0876,0.3786958,131.964,4,bot,0.0,0.0,,16026.0,90.6481909160893,78.07163260821797,115.54866494401378,88.34361233480176,88.0,False,False,
P2_IN,2,10,437,518.8405,196.8959,605.246,0.37456285,132.987,4,bot,0.0,0.0,,21200.0,86.49797642090445,74.1846452866861,108.79601163273784,84.82214677461478,72.0,False,False,
P2_IN,2,11,436,551.0603,208.6245,636.3635,0.37361269,133.032,4,bot,0.0,0.0,,8152.0,92.24400274160384,81.06922549691569,121.10396975425331,90.66407010710809,88.0,False,False,
P2_IN,2,12,435,273.2253,103.284,342.3705,0.37801471,132.197,4,bot,0.0,0.0,,30328.0,80.70145631067962,71.58823529411765,101.99063231850117,80.54387203011056,72.0,False,False,
P2_IN,2,13,434,305.4442,115.01,376.6527,0.37682457,132.376,4,bot,0.0,0.0,,21693.0,98.04383828543595,87.13749434644957,125.26789734353895,97.52304900181488,88.0,False,False,
P2_IN,2,14,433,337.6629,126.7359,410.9336,0.37502635,132.523,4,bot,0.0,0.0,,34232.0,87.5186549541891,75.18454430911382,107.43522561863173,85.55478018143754,72.0,False,False,
P2_IN,2,15,432,369.8815,138.4616,445.2154,0.37372487,132.635,4,bot,0.0,0.0,,39250.0,86.06482213438736,72.35441642552018,127.77182770663562,84.60135945621751,72.0,False,False,
P2_IN,2,16,431,402.1,150.1879,479.4977,0.37247742,132.732,4,bot,0.0,0.0,,41508.0,90.94171907756814,79.13754104341481,112.95805142083897,88.13046314416178,88.0,False,False,
P2_IN,2,17,430,434.3186,161.9136,513.7798,0.3713115,132.82,4,bot,0.0,0.0,,49196.0,93.46755024919217,82.69018018511419,116.58496583143507,92.61394258933802,88.0,False,False,
P2_IN,2,18,429,466.5371,173.6401,548.0631,0.37022842,132.89,4,bot,0.0,0.0,,20368.0,106.01596351197264,89.87737843551797,166.55350553505536,103.8288770053476,88.0,False,False,
P2_IN,2,19,428,498.7553,185.3661,582.3457,0.36922947,132.95,4,bot,0.0,0.0,,15731.0,105.8998354102986,91.90640975226111,135.4718526100307,102.90003277613897,88.0,False,False,
P2_IN,2,20,427,530.9736,197.0923,616.6285,0.36830877,133.0,4,bot,0.0,0.0,,19871.0,90.9982987410684,77.4811544991511,114.23608017817372,88.09252286175362,72.0,False,False,
P2_IN,2,21,426,253.1154,91.7747,319.4883,0.37886445,132.05,4,bot,0.0,0.0,,14180.0,83.99342465753425,73.08321024126046,104.39583333333333,83.08682761541719,72.0,False,False,
P2_IN,2,22,425,285.3339,103.4937,353.7487,0.37333678,132.261,4,bot,0.0,0.0,,30124.0,76.44475378458327,65.9613711501653,95.81254964257347,75.26817971283002,72.0,False,False,
P2_IN,2,23,424,317.5523,115.2142,388.0194,0.36946648,132.434,4,bot,0.0,0.0,,19510.0,94.27922178988327,82.13291828793774,125.08040201005025,93.88765762323271,88.0,False,False,
P2_IN,2,24,423,349.7707,126.9359,422.2987,0.36717223,132.56,4,bot,0.0,0.0,,26942.0,94.13590687493782,83.41378967266938,118.98377375985164,93.32419308768924,88.0,False,False,
P2_IN,2,25,422,381.9891,138.6582,456.5791,0.3652912,132.671,4,bot,0.0,0.0,,1112.0,118.10909090909091,86.49624060150376,296.1860465116279,116.09756097560975,88.0,False,False,
P2_IN,2,26,421,414.2072,150.3811,490.8601,0.3633596,132.76,4,bot,0.0,0.0,,40552.0,86.1788873599371,73.85475689719163,108.24213836477988,84.91355322807566,72.0,False,False,
P2_IN,2,27,420,446.4257,162.1048,525.1471,0.36289483,132.835,4,bot,0.0,0.0,,39738.0,86.34840241369076,73.92578350317247,109.01059771089444,85.12260536398468,72.0,False,False,
P2_IN,2,28,419,478.6436,173.8288,559.4324,0.36213076,132.911,4,bot,0.0,0.0,,18175.0,91.22132097334878,77.32428964252979,120.74216867469879,89.51232302045096,72.0,False,False,
P2_IN,2,29,418,510.862,185.5531,593.7189,0.36166861,132.971,4,bot,0.0,0.0,,12394.0,106.26415094339623,90.14192343604108,162.03141361256547,104.16494845360825,88.0,False,False,
P2_IN,2,30,417,543.08,197.2778,628.004,0.36100254,133.017,4,bot,0.0,0.0,,14885.0,94.71555555555555,83.68962962962964,122.3163097199341,94.37564402810304,88.0,False,False,
P2_IN,2,31,416,220.8966,80.0583,285.2109,0.38246357,131.772,4,bot,0.0,0.0,,10860.0,92.41943734015345,78.46984338553816,124.82253521126762,90.92753623188406,88.0,False,False,
P2_IN,2,32,415,188.6776,68.3451,250.9346,0.38705191,131.381,4,bot,0.0,0.0,,10714.0,93.72775750771822,81.69969127140051,120.59870967741935,93.1229566453447,88.0,False,False,
P2_IN,2,33,414,156.4584,56.6379,216.6622,0.39310746,130.813,4,bot,0.0,0.0,,8523.0,81.18792359827479,71.64137214137214,109.10560625814864,80.91984732824427,72.0,False,False,
P2_IN,2,34,413,124.238,44.9423,182.3929,0.40146264,129.909,4,bot,0.0,0.0,,3758.0,101.34232715008432,85.85115483319076,158.61654135338344,100.26954177897574,88.0,False,False,
P2_IN,2,35,412,426.2817,150.5609,502.2549,0.35957521,132.795,4,bot,0.0,0.0,,28492.0,92.66984429615508,80.59824171168309,121.21428571428572,90.96153846153847,88.0,False,False,
P2_IN,2,36,411,458.5021,162.2831,536.5341,0.3580304,132.869,4,bot,0.0,0.0,,24965.0,93.1583400022865,81.74185435006288,119.01129943502825,92.07454200884396,88.0,False,False,
P2_IN,2,37,410,490.7221,174.0057,570.8168,0.35680237,132.933,4,bot,0.0,0.0,,74346.0,172.41094803649344,113.43764172335601,247.35819845179452,172.0695047784535,88.0,False,False,
P2_IN,2,38,409,522.9418,185.7294,605.1006,0.35581021,132.98,4,bot,0.0,0.0,,15994.0,91.83210991906644,79.72651254303985,117.40269058295964,90.26618332470223,88.0,False,False,
P2_IN,2,39,408,555.1616,197.4525,636.4389,0.35518893,133.034,4,bot,0.0,0.0,,6201.0,91.3192868719611,77.84924623115577,123.36339522546419,89.45619335347432,88.0,False,False,
P2_IN,2,40,407,394.0613,138.8397,467.9663,0.36029294,132.7,4,bot,0.0,0.0,,22152.0,93.18887545344619,82.4744860943168,122.43592552026287,91.95686956521739,88.0,False,False,
P2_IN,2,41,406,361.84,127.1193,433.6785,0.3611139,132.6,4,bot,0.0,0.0,,24263.0,91.86016216934733,78.80561489166921,118.80678708264915,90.70700203942896,88.0,False,False,
P2_IN,2,42,405,329.6184,115.4001,399.3897,0.36205298,132.479,4,bot,0.0,0.0,,31544.0,88.03368794326241,75.2002861230329,109.53815461346633,85.99735274652548,72.0,False,False,
P2_IN,2,43,404,297.3957,103.6827,365.1002,0.36313736,132.324,4,bot,0.0,0.0,,21344.0,82.71567567567567,71.85867620751341,107.21649484536083,82.0096,72.0,False,False,
P2_IN,2,44,403,265.1722,91.9671,330.8091,0.36438749,132.126,4,bot,0.0,0.0,,1206.0,105.54385964912281,86.63659147869674,705.9999999999999,102.55421686746988,88.0,False,False,
P2_IN,2,45,402,232.9471,80.2552,296.5154,0.36582263,131.872,4,bot,0.0,0.0,,10433.0,89.77326035965598,75.38936346100854,120.26299694189603,87.1756601607348,72.0,False,False,
P2_IN,2,46,401,200.7195,68.5485,262.2188,0.36740562,131.53,4,bot,0.0,0.0,,11463.0,77.47185354691075,66.97940503432494,102.05919661733616,76.07670454545455,72.0,False,False,
P2_IN,2,47,400,168.4884,56.8501,227.9135,0.36888359,131.03,4,bot,0.0,0.0,,7229.0,77.12874251497006,66.30688622754491,104.23048327137546,76.32918660287082,72.0,False,False,
P2_IN,2,48,399,136.2509,45.167,193.6564,0.37826935,130.267,4,bot,0.0,0.0,,6628.0,87.22095897182402,74.99621689785624,108.87058823529412,85.1545518701482,72.0,False,False,
P2_IN,2,49,398,534.9965,185.8953,616.4724,0.3485753,132.994,4,bot,0.0,0.0,,15927.0,86.81458003169573,73.52221462747778,113.43014301430142,84.81343283582089,72.0,False,False,
P2_IN,2,50,397,502.7736,174.1724,582.1798,0.34829742,132.942,4,bot,0.0,0.0,,15606.0,93.05472636815921,81.10983543819364,121.30970464135021,92.32122370936902,88.0,False,False,
P2_IN,2,51,396,470.5501,162.4503,547.8857,0.34793922,132.885,4,bot,0.0,0.0,,18688.0,86.13291564108302,73.51629690495754,112.41064638783268,84.44935064935065,72.0,False,False,
P2_IN,2,52,395,438.326,150.7284,513.5904,0.3474698,132.823,4,bot,0.0,0.0,,26707.0,93.87705263157895,82.632,121.68932038834951,93.51625615763547,88.0,False,False,
P2_IN,2,53,394,406.1005,139.0076,479.2937,0.34684353,132.734,4,bot,0.0,0.0,,31921.0,85.33432539682539,73.44877746827608,107.00501716398205,84.06578449905481,72.0,False,False,
P2_IN,2,54,393,373.874,127.288,444.9938,0.34599438,132.639,4,bot,0.0,0.0,,30787.0,78.3143445435827,68.92305345840006,99.09750566893423,77.84561403508772,72.0,False,False,
P2_IN,2,55,392,341.646,115.5698,410.6915,0.34480407,132.522,4,bot,0.0,0.0,,30274.0,76.08020219039595,65.87834877843302,95.47053941908715,74.95576756287944,72.0,False,False,
P2_IN,2,56,391,309.4155,103.8532,376.3839,0.34308369,132.369,4,bot,0.0,0.0,,17446.0,89.5986129172085,75.71711741978834,115.56143667296786,87.48360932747549,72.0,False,False,
P2_IN,2,57,390,277.1825,92.1395,342.0808,0.3429542,132.196,4,bot,0.0,0.0,,10259.0,75.7358967872502,65.35492031368581,95.40127388535032,73.71513795674869,72.0,False,False,
P2_IN,2,58,389,547.0273,186.0523,627.8358,0.34002979,133.018,4,bot,0.0,0.0,,9376.0,95.8525564803805,84.70392390011891,134.13052631578947,95.80333068992863,88.0,False,False,
P2_IN,2,59,388,514.8001,174.329,593.5378,0.33901652,132.972,4,bot,0.0,0.0,,14421.0,9.166375337676785,4.583187668838392,13.749563006515176,4.583187668838392,8.0,False,False,
P2_IN,2,60,387,482.5717,162.6066,559.2382,0.33777609,132.906,4,bot,0.0,0.0,,13691.0,87.71446003660769,74.37051184110008,118.07222222222222,85.99810246679317,72.0,False,False,
P2_IN,2,61,386,450.3415,150.885,524.9369,0.33622604,132.842,4,bot,0.0,0.0,,25945.0,88.39139951075062,75.66052158273382,110.75206338725653,86.20605598933537,72.0,False,False,
P2_IN,2,62,385,418.1098,139.1638,490.6375,0.33549703,132.764,4,bot,0.0,0.0,,23213.0,92.31979518212499,81.51425578959618,115.72284644194757,91.23591443205785,88.0,False,False,
P2_IN,2,63,384,559.0359,186.2003,636.6766,0.33940585,133.035,4,bot,0.0,0.0,,8191.0,68.6655172413793,57.582918982158525,88.0749063670412,67.44274809160305,56.0,False,False,
P2_IN,3,0,511,517.5066,230.142,617.0077,0.42878126,133.005,4,top,0.0,0.0,,18815.0,110.16661387393094,98.24707000316756,141.14245810055866,109.227969348659,104.0,False,False,
P2_IN,3,1,510,465.3043,206.9018,559.8635,0.42979372,132.904,4,top,1289.0,301.0,0.2335143522110163,48558.0,106.28159278737792,92.35077901430843,135.50646766169154,103.60351150127792,88.0,False,True,0.01178371809075004
P2_IN,3,2,509,413.1015,183.6627,502.7201,0.43103635,132.79,4,top,25298.0,6739.0,0.2663846944422484,72599.0,99.44590011305446,88.49488816886344,126.44697185100938,98.74740190880169,88.0,False,True,0.002779365943839177
P2_IN,3,3,508,497.5873,218.6703,594.1517,0.42878987,132.962,4,top,0.0,0.0,,21403.0,116.53962264150942,95.98728734342868,233.36283185840702,115.65098634294385,88.0,False,False,
P2_IN,3,4,507,360.8991,160.4241,445.5717,0.43145955,132.633,4,top,0.0,0.0,,48387.0,107.0702479338843,93.06236501079914,137.07475232662864,104.09559867486985,88.0,False,False,
P2_IN,3,5,506,445.3834,195.432,536.9981,0.42824079,132.865,4,top,5868.0,1408.0,0.23994546693933197,60219.0,119.31795906601326,106.03595582569986,150.6284122562674,117.56893715037842,104.0,False,True,0.005574855294990916
P2_IN,3,6,505,529.8633,230.433,628.4074,0.42301024,133.02,4,top,0.0,0.0,,10649.0,122.42220019821606,106.03650442477877,168.40316205533597,119.68713450292398,104.0,False,False,
P2_IN,3,7,504,308.6966,137.1869,388.42,0.4317478,132.432,4,top,0.0,0.0,,25998.0,105.70082020570239,92.4631073785243,131.22272727272727,103.33963750985028,88.0,False,False,
P2_IN,3,8,503,393.1792,172.1946,479.8486,0.42861317,132.73,4,top,26523.0,8751.0,0.3299400520303133,84324.0,93.46855226709432,83.63341594984692,118.03723723723724,92.18860303801914,88.0,False,True,0.0028871079743359785
P2_IN,3,9,502,477.6574,207.1948,571.2589,0.42297927,132.932,4,top,0.0,0.0,,24168.0,115.76831019626616,102.29756623906006,152.3896103896104,114.89944751381215,104.0,False,False,
P2_IN,3,10,501,256.494,113.9519,331.2799,0.43547926,132.122,4,top,0.0,0.0,,12775.0,110.27487707796769,98.31046593303677,144.1508078994614,109.47671232876712,104.0,False,False,
P2_IN,3,11,500,340.9745,148.9585,422.6973,0.42893471,132.569,4,top,0.0,0.0,,48016.0,97.08998474834775,87.43553414565032,121.68115942028986,96.84276729559748,88.0,False,False,
P2_IN,3,12,499,425.4505,183.9581,514.1045,0.42224705,132.814,4,top,11331.0,3191.0,0.28161680345953577,66833.0,114.55520039341037,102.52989533624735,145.28220140515222,113.97641688855077,104.0,False,True,0.004225452706551564
P2_IN,3,13,498,509.9245,218.9535,605.5109,0.41633744,132.988,4,top,0.0,0.0,,18300.0,117.14803625377644,103.93566915565766,153.5968992248062,115.99063231850117,104.0,False,False,
P2_IN,3,14,497,288.7689,125.7253,365.5676,0.43329878,132.325,4,top,0.0,0.0,,21723.0,100.98807200173498,87.06780371871942,136.263862332696,99.55816831683168,88.0,False,False,
P2_IN,3,15,496,373.2427,160.7225,456.9612,0.42361489,132.675,4,top,0.0,0.0,,47513.0,115.48993895546009,103.16157690172126,147.68117120780806,114.56497175141243,104.0,False,False,
P2_IN,3,16,495,457.7147,195.7159,548.3633,0.41652741,132.895,4,top,1507.0,394.0,0.26144658261446585,48146.0,111.28719172633254,100.3436754176611,141.10976496244245,110.98969072164948,104.0,False,True,0.011319462749181821
P2_IN,3,17,494,542.1859,230.708,636.8928,0.41175612,133.033,4,top,0.0,0.0,,6812.0,111.16699410609037,97.78388998035363,157.44408945686902,110.89583333333333,104.0,False,False,
P2_IN,3,18,493,204.2918,90.7201,274.1432,0.44121948,131.657,4,top,0.0,0.0,,7935.0,115.09142857142858,102.96803953871499,147.68337730870712,114.33189655172414,104.0,False,False,
P2_IN,3,19,492,321.033,137.4891,399.8195,0.42554056,132.482,4,top,0.0,0.0,,19764.0,121.29576174112256,106.37426900584795,157.6152512998267,119.17143867090844,104.0,False,False,
P2_IN,3,20,491,405.5031,172.48,491.211,0.41621153,132.761,4,top,16785.0,3321.0,0.19785522788203752,43204.0,131.06810948440483,116.60332541567696,175.7966963151207,130.4318869828456,120.0,False,True,0.003074960001355549
P2_IN,3,21,490,489.9731,207.47,582.6228,0.41110795,132.948,4,top,0.0,0.0,,22337.0,106.34220997857362,92.85421181910128,135.56962025316454,104.41526466967584,88.0,False,False,
P2_IN,3,22,489,236.5619,102.496,308.4025,0.43307283,131.956,4,top,0.0,0.0,,10275.0,121.95360195360195,107.30361173814899,157.56550580431175,119.8636655948553,104.0,False,False,
P2_IN,3,23,488,152.0896,67.4964,216.9946,0.44714416,130.813,4,top,0.0,0.0,,4158.0,119.26172465960666,103.51219512195122,173.73684210526315,117.66037735849056,104.0,False,False,
P2_IN,3,24,487,522.2268,219.2207,616.8913,0.40754471,132.998,4,top,0.0,0.0,,17278.0,109.06846673095468,95.69300635785649,143.06656225528582,108.20758483033933,104.0,False,False,
P2_IN,3,25,486,437.7578,184.2333,525.472,0.41102263,132.841,4,top,1291.0,354.0,0.27420604182804026,58849.0,109.82560784511955,97.92670474649952,141.56269691241337,109.15201271186442,104.0,False,True,0.012416010267507431
P2_IN,3,26,485,353.2891,149.2459,434.0562,0.41580497,132.599,4,top,0.0,0.0,,46647.0,108.12101713790757,96.57687310524037,132.056,106.71900269541779,104.0,False,False,
P2_IN,3,27,484,268.8204,114.2595,342.6535,0.42440302,132.193,4,top,0.0,0.0,,17012.0,115.48669585719098,103.0728763732013,151.75355450236967,114.8964745383324,104.0,False,False,
P2_IN,3,28,483,184.3524,79.2749,251.2362,0.43389969,131.391,4,top,0.0,0.0,,6224.0,122.74483677548301,107.77852672123255,165.85507246376812,119.92141453831042,104.0,False,False,
P2_IN,3,29,482,470.0076,195.9825,559.7346,0.40623825,132.911,4,top,0.0,0.0,,25867.0,113.06443679291687,100.88191095659975,149.33222591362127,112.81414597441686,104.0,False,False,
P2_IN,3,30,481,385.5391,160.998,468.3114,0.40925616,132.706,4,top,1894.0,529.0,0.27930306230200636,53564.0,116.44540540540541,103.50551148655609,143.87594609562487,115.20166104334285,104.0,False,True,0.010309181831617054
P2_IN,3,31,480,110.37,48.8092,171.124,0.42762377,144.013,4,top,0.0,0.0,,2988.0,104.0551724137931,89.06005719733079,153.25301204819274,102.2127659574468,88.0,False,False,
P2_IN,3,32,479,502.2533,207.729,594.0039,0.40268428,132.96,4,top,0.0,0.0,,14380.0,109.54669308892743,95.2484076433121,145.4740368509213,108.61748633879782,104.0,False,False,
P2_IN,3,33,478,301.0708,126.0152,376.8862,0.41328435,132.379,4,top,0.0,0.0,,17245.0,116.3764404609475,102.73257372654156,152.18439716312056,115.19140989729225,104.0,False,False,
P2_IN,3,34,477,417.7845,172.7454,502.5742,0.40435951,132.796,4,top,5115.0,1303.0,0.25474095796676444,48314.0,120.02693112546629,105.77108290831455,151.26367408525084,117.84497151185901,104.0,False,True,0.0060922847913306155
P2_IN,3,35,476,534.4961,219.4728,628.2759,0.3999285,133.016,4,top,0.0,0.0,,15313.0,108.7624286016501,95.76185567010309,140.24014336917563,107.59976998274871,104.0,False,False,
P2_IN,3,36,475,216.603,91.037,285.4729,0.4216318,131.773,4,top,0.0,0.0,,6341.0,123.06989247311827,107.66666666666667,169.15481171548117,120.32635983263599,104.0,False,False,
P2_IN,3,37,474,333.3152,137.765,411.1436,0.40667697,132.519,4,top,0.0,0.0,,37600.0,95.28738818193273,85.81277560791231,120.38156831042846,95.15430622009569,88.0,False,False,
P2_IN,3,38,473,450.026,184.4902,536.8419,0.40076595,132.866,4,top,0.0,0.0,,41408.0,104.65369034680367,90.801998001998,133.8649093904448,102.53319409219752,88.0,False,False,
P2_IN,3,39,472,248.8458,102.7896,319.7227,0.41293591,132.053,4,top,0.0,0.0,,9928.0,111.02225174360677,97.8332779807373,152.58212058212058,110.74080410607357,104.0,False,False,
P2_IN,3,40,471,365.5552,149.5104,445.4081,0.40219162,132.637,4,top,0.0,0.0,,31660.0,106.17857561891353,92.1553734939759,134.8493946731235,103.55942837225514,88.0,False,False,
P2_IN,3,41,470,482.2646,196.2323,571.1112,0.39740381,132.927,4,top,0.0,0.0,,27669.0,124.06157561122849,102.5623915654611,218.2183908045977,122.16457960644007,104.0,False,False,
P2_IN,3,42,469,132.1373,56.0728,194.0145,0.42428478,130.257,4,top,0.0,0.0,,4352.0,108.69796279893711,93.59812353401094,152.41666666666669,107.65501165501165,88.0,False,False,
P2_IN,3,43,468,514.5007,207.9728,605.3846,0.39487978,132.985,4,top,0.0,0.0,,24389.0,104.37853823405155,91.33235221976943,126.9162087912088,102.1071648532129,88.0,False,False,
P2_IN,3,44,467,397.7919,161.253,479.6778,0.39872707,132.732,4,top,5986.0,1871.0,0.31256264617440693,52041.0,114.09156139464376,102.14829996321404,142.43716741711012,113.52986398580721,104.0,False,True,0.005991240381439865
P2_IN,3,45,466,281.0835,114.5361,353.9704,0.40415423,132.26,4,top,0.0,0.0,,19286.0,106.13324056357628,92.84041485446637,133.6429699842022,103.60919540229885,88.0,False,False,
P2_IN,3,46,465,546.7347,219.7111,636.5119,0.39269264,133.031,4,top,0.0,0.0,,25251.0,111.24673710379118,100.78433809819764,124.00922485586163,111.21604139715394,104.0,False,False,
P2_IN,3,47,464,430.0258,172.9925,513.9483,0.39567519,132.811,4,top,0.0,0.0,,46826.0,105.21814870536068,91.58054862842893,133.5196172248804,103.0172393007836,88.0,False,False,
P2_IN,3,48,463,164.3761,67.8288,228.2752,0.41708583,131.037,4,top,0.0,0.0,,5943.0,107.06706231454005,93.13743016759777,138.66339066339066,105.03852596314908,88.0,False,False,
P2_IN,3,49,462,313.3171,126.278,388.2302,0.39818241,132.439,4,top,0.0,0.0,,15268.0,118.84603886397608,103.56931571682114,160.82800608828006,117.17806670435274,104.0,False,False,
P2_IN,3,50,461,462.2575,184.7307,548.2195,0.39246467,132.884,4,top,0.0,0.0,,21024.0,108.54772835206586,95.13046607881951,142.99928109273904,105.9823399558499,104.0,False,False,
P2_IN,3,51,460,345.5482,138.0173,422.5073,0.39617858,132.563,4,top,0.0,0.0,,17995.0,114.60339943342777,101.17091152815013,154.7282491944146,114.04905239687848,104.0,False,False,
P2_IN,3,52,459,494.4877,196.4671,582.493,0.39011819,132.949,4,top,0.0,0.0,,18140.0,101.34926470588235,89.33603786342123,126.71532846715328,99.90211196781763,88.0,False,False,
P2_IN,3,53,458,196.6092,79.5745,262.5279,0.40824674,131.527,4,top,0.0,0.0,,9306.0,98.92265496434449,87.21806167400881,127.20909090909092,98.214463840399,88.0,False,False,
P2_IN,3,54,457,526.7163,208.2026,616.7684,0.38800692,133.001,4,top,0.0,0.0,,15519.0,110.94744218640504,100.07217939733707,143.38291139240505,110.51287128712872,104.0,False,False,
P2_IN,3,55,456,377.7769,149.7542,456.7782,0.39296289,132.679,4,top,0.0,0.0,,19852.0,123.16165413533835,106.8500403551251,168.4293537787514,120.35066864784547,104.0,False,False,
P2_IN,3,56,455,228.8381,91.3143,296.7876,0.40143896,131.873,4,top,0.0,0.0,,6866.0,117.33333333333333,101.97203428055931,165.23287671232876,116.33830845771145,104.0,False,False,
P2_IN,3,57,454,410.0043,161.4895,491.0474,0.38951396,132.77,4,top,3.0,1.0,0.3333333333333333,57577.0,95.27660816275483,85.67524075540918,118.51676370206786,95.13611470676092,88.0,False,False,0.2721655269759087
P2_IN,3,58,453,261.0647,103.051,331.0554,0.39683326,132.134,4,top,0.0,0.0,,10325.0,104.19902120717782,90.52158180408374,134.8505747126437,102.36605446485117,88.0,False,False,
P2_IN,3,59,452,442.2302,173.2231,525.3226,0.38712481,132.837,4,top,0.0,0.0,,41402.0,111.23214285714286,93.59511228533685,175.5644820295983,110.90236119974473,88.0,False,False,
P2_IN,3,60,451,293.2894,114.7849,365.3304,0.39367364,132.313,4,top,0.0,0.0,,12553.0,115.57863792258696,102.52175833885576,156.4080370942813,114.99589827727645,104.0,False,False,
P2_IN,3,61,450,474.4551,184.9561,559.5948,0.38449843,132.91,4,top,0.0,0.0,,18933.0,109.32486906840184,97.30582447230599,139.76194205168363,108.46179680940386,104.0,False,False,
P2_IN,3,62,449,325.513,126.5175,399.602,0.3901886,132.478,4,top,0.0,0.0,,455.0,254.0,211.8,1013.4797687861271,247.42857142857144,1016.0,False,False,
P2_IN,3,63,448,506.6791,196.688,593.8713,0.38240503,132.969,4,top,0.0,0.0,,12075.0,93.5792726408367,82.09840741621107,126.04938271604938,92.63672391017172,88.0,False,False,
P2_IN,4,0,575,310.9691,158.9452,400.0437,0.47913203,132.47,5,bot,0.0,0.0,,5261.0,187.60975609756096,151.75829383886256,264.4470588235294,187.05494505494505,136.0,False,False,
P2_IN,4,1,574,402.8835,205.1091,502.9053,0.47670645,132.795,5,bot,28736.0,1695.0,0.05898524498886414,18757.0,170.28029504741835,139.6123936816525,237.7323308270677,169.5990566037736,136.0,False,True,0.0013898142263425023
P2_IN,4,2,573,494.7985,251.2725,605.7661,0.47508474,132.99,5,bot,0.0,0.0,,10302.0,165.53656024716787,136.06674082313683,231.23316062176164,164.90510948905109,136.0,False,False,
P2_IN,4,3,572,291.1408,147.5139,377.1784,0.47809878,132.373,5,bot,0.0,0.0,,3820.0,186.1939058171745,150.86925795053003,272.695652173913,184.35036496350367,136.0,False,False,
P2_IN,4,4,571,383.0551,193.6743,480.0419,0.47560483,132.733,5,bot,33855.0,2375.0,0.07015211933244721,20835.0,174.89931809065382,144.53949129852745,241.48168249660785,174.69705603038938,136.0,False,True,0.0013880814217989677
P2_IN,4,5,570,474.9701,239.835,582.9013,0.4731963,132.955,5,bot,0.0,0.0,,14694.0,183.44051910598412,150.88250652741513,251.2127236580517,182.17224880382776,136.0,False,False,
P2_IN,4,6,569,199.2298,101.3555,274.3062,0.48194867,131.656,5,bot,0.0,0.0,,1888.0,206.22222222222223,159.28744939271255,329.33333333333337,206.29333333333335,152.0,False,False,
P2_IN,4,7,568,271.3081,136.0823,354.3101,0.47625445,132.263,5,bot,0.0,0.0,,3332.0,193.8512396694215,155.06994328922497,299.73333333333335,193.49333333333334,152.0,False,False,
P2_IN,4,8,567,363.2228,182.2385,457.1716,0.472062,132.669,5,bot,0.0,0.0,,17185.0,184.288,152.68365613319742,254.44131455399062,183.08203125,152.0,False,False,
P2_IN,4,9,566,455.1383,228.397,560.0348,0.4707265,132.906,5,bot,1149.0,176.0,0.15317667536988686,22165.0,180.8775710088149,148.6355465352276,249.87755102040816,180.2894056847545,136.0,False,True,0.010625092289263453
P2_IN,4,10,565,179.3944,89.9328,251.427,0.47755332,131.385,5,bot,0.0,0.0,,1359.0,232.5818181818182,173.70212765957447,537.3333333333334,232.44444444444446,1016.0,False,False,
P2_IN,4,11,564,435.3034,216.9582,537.1713,0.46968323,132.866,5,bot,23724.0,1538.0,0.06482886528410049,20520.0,197.65420560747663,163.99867417964865,273.24916943521595,196.6139180171592,152.0,False,True,0.0015985852410200507
P2_IN,4,12,563,527.2203,263.1166,636.8739,0.46850591,133.028,5,bot,0.0,0.0,,4898.0,167.5505617977528,146.99737991266375,236.30344827586205,166.09326424870466,152.0,False,False,
P2_IN,4,13,562,343.3865,170.8021,434.3055,0.47053923,132.603,5,bot,0.0,0.0,,18783.0,231.42327497425333,175.02999491611592,343.8972602739726,230.39007092198582,152.0,False,False,
P2_IN,4,14,561,251.4687,124.6507,331.4331,0.47174457,132.122,5,bot,0.0,0.0,,6350.0,612.2247191011236,233.28,699.0652173913044,612.5301204819277,168.0,False,False,
P2_IN,4,15,560,507.3833,251.6753,617.1677,0.46669874,133.001,5,bot,0.0,0.0,,6761.0,202.57249070631968,164.56830601092895,289.8867924528302,201.70689655172413,152.0,False,False,
P2_IN,4,16,559,415.4646,205.5186,514.3033,0.467269,132.819,5,bot,21683.0,1405.0,0.06479730664575935,22108.0,204.88640595903166,169.07687632938317,282.7400611620795,204.14746543778801,152.0,False,True,0.0016717512891271198
P2_IN,4,17,558,159.5497,78.5123,228.5525,0.47654011,131.035,5,bot,0.0,0.0,,1431.0,227.46268656716418,168.9548387096774,466.8571428571429,226.97435897435898,1016.0,False,False,
P2_IN,4,18,557,323.5446,159.3648,411.4345,0.46754182,132.519,5,bot,0.0,0.0,,8368.0,200.0774193548387,163.06471095772218,284.7096774193549,199.45238095238096,152.0,False,False,
P2_IN,4,19,556,487.5426,240.2333,594.2998,0.46415152,132.967,5,bot,0.0,0.0,,9139.0,214.54308943089433,176.08622305529522,300.9047619047619,213.7816091954023,168.0,False,False,
P2_IN,4,20,555,231.6214,113.2187,308.5556,0.46771551,131.964,5,bot,0.0,0.0,,2396.0,205.92207792207793,161.8045112781955,345.24444444444447,205.24137931034483,152.0,False,False,
P2_IN,4,21,554,395.621,194.0778,491.4316,0.46353809,132.765,5,bot,43609.0,2425.0,0.055607787383338304,19042.0,194.3780821917808,159.06772086627706,272.4661654135338,194.12224938875306,152.0,False,True,0.0010973772238563374
P2_IN,4,22,553,303.6962,147.927,388.5614,0.46417088,132.425,5,bot,0.0,0.0,,10225.0,397.64301075268816,206.41509433962264,458.6849315068493,397.6480686695279,424.0,False,False,
P2_IN,4,23,552,467.6979,228.7903,571.4307,0.4613699,132.928,5,bot,0.0,0.0,,16892.0,202.3503448275862,165.54784081287045,282.0210526315789,201.2185430463576,152.0,False,False,
P2_IN,4,24,551,139.6894,67.0966,205.6631,0.47148816,130.567,5,bot,0.0,0.0,,1425.0,221.88888888888889,171.6022099447514,443.99999999999994,221.88888888888889,1016.0,False,False,
P2_IN,4,25,550,375.772,182.6364,468.559,0.45995452,132.7,5,bot,12796.0,858.0,0.06705220381369179,21181.0,199.0401836969001,162.09132743362832,273.89752066115705,198.68702290076334,152.0,False,True,0.002211047558261385
P2_IN,4,26,549,211.7641,101.7869,285.6728,0.46293946,131.766,5,bot,0.0,0.0,,1927.0,214.8679245283019,161.26633165829145,388.3478260869565,213.6875,1016.0,False,False,
P2_IN,4,27,548,447.8485,217.3458,548.5628,0.45866452,132.884,5,bot,22968.0,1627.0,0.07083768721699756,19698.0,202.7954256670902,166.37996422182468,280.30331753554503,201.82202111613876,152.0,False,True,0.0016928418622181598
P2_IN,4,28,547,519.9252,252.0558,628.5655,0.45797396,133.027,5,bot,0.0,0.0,,5452.0,202.76543209876542,165.89241379310346,287.8993710691824,201.23404255319147,152.0,False,False,
P2_IN,4,29,546,283.8403,136.488,365.6792,0.45846911,132.322,5,bot,0.0,0.0,,4067.0,223.86301369863014,181.1021897810219,327.26829268292687,223.84848484848484,184.0,False,False,
P2_IN,4,30,545,355.917,171.1932,445.6877,0.45725139,132.634,5,bot,0.0,0.0,,15425.0,202.78761699064074,167.51599443671768,277.7107438016529,201.94648829431438,152.0,False,False,
P2_IN,4,31,544,427.994,205.9001,525.6925,0.45586576,132.835,5,bot,12066.0,708.0,0.058677274987568376,21548.0,219.3289552238806,179.98647125140926,303.86371379897787,219.01656050955415,168.0,False,True,0.00213955068679291
P2_IN,4,32,543,500.0709,240.6084,605.696,0.4551474,132.987,5,bot,0.0,0.0,,8917.0,196.68539325842696,161.03125,273.3215859030837,196.15960099750623,152.0,False,False,
P2_IN,4,33,542,191.8934,90.3556,262.7832,0.45710851,131.527,5,bot,0.0,0.0,,1918.0,191.11724137931034,150.2325581395349,318.3333333333333,191.01538461538462,136.0,False,False,
P2_IN,4,34,541,263.9748,125.0482,342.7984,0.4536877,132.204,5,bot,0.0,0.0,,3137.0,223.43661971830986,177.93975903614458,343.83098591549293,223.26829268292684,168.0,False,False,
P2_IN,4,35,540,408.1335,194.453,502.8218,0.45321524,132.792,5,bot,34772.0,2742.0,0.07885655124813068,29734.0,210.7852998065764,170.7177759056445,315.6268656716418,210.50434782608696,168.0,False,True,0.001445332232824
P2_IN,4,36,539,480.2117,229.1595,582.8259,0.45237671,132.947,5,bot,0.0,0.0,,0.0,,,,,,False,False,
P2_IN,4,37,538,336.0544,159.7486,422.8108,0.45285092,132.565,5,bot,0.0,0.0,,15211.0,192.40029873039583,159.65959952885748,259.5494071146245,192.33626097867003,152.0,False,False,
P2_IN,4,38,537,119.8071,55.688,182.8116,0.4752523,129.907,5,bot,0.0,0.0,,2300.0,191.62033898305086,164.8272506082725,294.8,191.44554455445544,152.0,False,False,
P2_IN,4,39,536,388.2657,183.0042,479.9491,0.45024862,132.738,5,bot,38323.0,263.0,0.0068627195156955355,994156725.0,137.83322943573566,132.91661471786782,142.74984415360348,140.91284546216116,136.0,True,False,0.00042171885380391956
P2_IN,4,40,535,460.3467,217.7091,559.9562,0.4498317,132.907,5,bot,1896.0,1043.0,0.5501054852320675,1428351.0,137.30803793983193,132.65401896991597,141.9620569097479,139.78823138570573,136.0,False,True,0.011425077909918622
P2_IN,4,41,534,532.4268,252.4152,637.0407,0.44944227,133.034,5,bot,0.0,0.0,,140193833.0,136.01165466251078,132.0058103013819,140.01749902363963,134.53526888713606,136.0,True,False,
P2_IN,4,42,533,316.1831,148.3025,399.933,0.44916351,132.48,5,bot,0.0,0.0,,14294.0,136.62578260541602,132.312891302708,140.938673908124,135.0744865132393,136.0,False,False,
P2_IN,4,43,532,244.0974,113.6066,319.9058,0.44582366,132.046,5,bot,0.0,0.0,,8303.0,152.6333853354134,148.31565262610505,156.9511180447218,148.53235053235053,152.0,False,False,
P2_IN,4,44,531,172.0044,78.9249,239.8734,0.44653117,131.224,5,bot,0.0,0.0,,1225.0,154.4144527098831,149.20722635494155,159.62167906482466,150.125,152.0,False,False,
P2_IN,4,45,530,512.5581,240.9619,617.0909,0.44676582,133.007,5,bot,0.0,0.0,,2503.0,136.55760368663596,130.79032258064515,142.32488479262673,132.29116117850953,136.0,False,False,
P2_IN,4,46,529,440.4752,206.2563,537.0817,0.44607034,132.868,5,bot,14832.0,90.0,0.006067961165048544,460.0,560.0,138.54335260115607,1015.7117117117117,560.0,1016.0,False,True,0.0006376757225690749
P2_IN,4,47,528,368.39,171.5535,457.0653,0.4442376,132.674,5,bot,0.0,0.0,,804.0,140.17391304347825,133.18260869565216,1009.7699115044247,134.140350877193,136.0,False,False,
P2_IN,4,48,527,296.301,136.8547,377.0409,0.44026437,132.386,5,bot,0.0,0.0,,368.0,1010.1132075471698,142.5742574257426,1017.0566037735849,1017.0566037735849,1016.0,False,False,
P2_IN,4,49,526,492.683,229.5066,594.2195,0.44372754,132.966,5,bot,0.0,0.0,,5212.0,141.0422270878949,134.52111354394745,151.11111111111111,142.52111354394745,136.0,False,False,
P2_IN,4,50,525,224.2045,102.1643,297.0092,0.4380726,131.873,5,bot,0.0,0.0,,289.0,1012.9904761904762,612.0,1018.495238095238,1018.495238095238,1016.0,False,False,
P2_IN,4,51,524,420.5957,194.8022,514.201,0.44061755,132.825,5,bot,20241.0,272.0,0.01343807124153945,3238.0,240.21981200289227,228.6054054054054,249.58496023138105,240.11192930780558,248.0,False,True,0.0008093095463074182
P2_IN,4,52,523,348.5044,160.1005,434.1793,0.43695418,132.602,5,bot,0.0,0.0,,518.0,236.0,136.81702127659574,1014.4074074074074,232.0,136.0,False,False,
P2_IN,4,53,522,276.4057,125.4044,354.151,0.43408125,132.259,5,bot,0.0,0.0,,267.0,1013.8767772511849,1008.8151658767772,1018.9383886255924,1018.9383886255924,1016.0,False,False,
P2_IN,4,54,521,472.8009,218.0495,571.3375,0.43785682,132.924,5,bot,0.0,0.0,,1175.0,154.6139534883721,149.14883720930231,173.6000000000002,149.33177570093457,152.0,False,False,
P2_IN,4,55,520,400.7076,183.3456,491.3176,0.43415054,132.763,5,bot,32184.0,280.0,0.008699975142928163,1391.0,138.034265103697,133.0171325518485,143.05139765554554,134.3371298405467,136.0,False,True,0.000517656360546009
P2_IN,4,56,519,328.6075,148.6451,411.2975,0.43333234,132.517,5,bot,0.0,0.0,,301.0,1012.8,500.00000000000006,1018.4,1018.4,1016.0,False,False,
P2_IN,4,57,518,525.0057,241.2954,628.4762,0.4359027,133.019,5,bot,0.0,0.0,,268.0,1014.3856502242153,1009.5784753363229,1019.1928251121076,1019.1928251121076,1016.0,False,False,
P2_IN,4,58,517,452.9108,206.5899,548.4583,0.43230306,132.888,5,bot,13735.0,307.0,0.022351656352384418,271.0,1014.1004566210046,1009.1506849315068,1019.0502283105022,1019.0275229357799,1016.0,True,False,0.001261339099544605
P2_IN,4,59,516,380.8094,171.8864,468.4374,0.43056115,132.706,5,bot,6952.0,149.0,0.021432681242807824,351.0,1011.0599078341014,142.06451612903226,1017.5299539170506,1017.5299539170506,1016.0,False,True,0.0017369156350045135
P2_IN,4,60,515,433.0117,195.1277,525.5807,0.4292874,132.849,5,bot,7477.0,88.0,0.011769426240470776,293.0,1013.2477064220184,836.0000000000001,1018.6238532110092,1018.5990783410139,1016.0,False,True,0.0012472200917484665
P2_IN,4,61,514,505.1138,229.8337,605.5978,0.42974156,132.988,5,bot,0.0,0.0,,322.0,1009.1954022988506,290.6666666666667,1016.5977011494252,1008.8595041322315,1016.0,False,False,
P2_IN,4,62,513,485.2135,218.3691,582.7228,0.42794619,132.95,5,bot,0.0,0.0,,404.0,1009.3755656108598,123.38028169014085,1016.6877828054298,1016.6877828054298,1016.0,False,False,
P2_IN,4,63,512,537.4159,241.6109,637.3213,0.43499129,133.036,5,bot,0.0,0.0,,416.0,1009.5930735930735,140.0,1016.7965367965368,1016.7965367965368,1016.0,False,False,
P2_IN,5,0,576,514.6246,262.7091,628.6299,0.4769063,133.022,5,top,0.0,0.0,,31760.0,95.49829668628058,85.66243419015174,122.62699256110521,95.4090826190042,88.0,False,False,
P2_IN,5,1,577,219.057,112.7797,297.1773,0.4834269,131.875,5,top,0.0,0.0,,8014.0,97.44923301680059,87.5456845656452,130.33502538071068,97.1441753171857,88.0,False,False,
P2_IN,5,2,578,422.7087,216.5437,525.7714,0.47886062,132.835,5,top,11173.0,2626.0,0.23503087800948716,83314.0,111.03621411051796,99.01572644640024,149.2150818117145,110.83775554588952,104.0,False,True,0.004011432739598711
P2_IN,5,3,579,330.7931,170.3765,422.9095,0.48090387,132.559,5,top,0.0,0.0,,45903.0,97.41858407079646,87.26582796358801,124.31186118374139,97.14459121742235,88.0,False,False,
P2_IN,5,4,580,127.1522,66.6083,194.3106,0.49858898,130.269,5,top,0.0,0.0,,3463.0,118.32326820603907,103.18080548414738,173.3239436619718,116.62337662337663,104.0,False,False,
P2_IN,5,5,581,442.5308,227.9782,548.6375,0.48125678,132.887,5,top,21050.0,5880.0,0.2793349168646081,100375.0,107.79228119756249,91.97822380425353,157.77004620820873,105.98965560741769,88.0,False,True,0.0030924543910623003
P2_IN,5,6,582,238.8788,124.2051,320.0521,0.48814869,132.047,5,top,0.0,0.0,,11995.0,103.9020979020979,90.37624639929093,133.2699884125145,102.23276337562052,88.0,False,False,
P2_IN,5,7,583,350.6137,181.8076,445.7803,0.485201,132.641,5,top,0.0,0.0,,43992.0,120.01664830456605,104.5255395440092,163.83417593528816,118.40782778864971,104.0,False,False,
P2_IN,5,8,584,462.351,239.4116,571.4998,0.4829378,132.929,5,top,0.0,0.0,,62016.0,107.82418699186992,92.80066153289576,148.733312441241,106.07604973869165,88.0,False,False,
P2_IN,5,9,585,146.9687,78.0211,217.2158,0.50960411,130.815,5,top,0.0,0.0,,3780.0,114.26443202979516,97.99798590130916,165.80891719745222,113.78823529411765,104.0,False,False,
P2_IN,5,10,586,258.6967,135.6311,342.9237,0.49195424,132.199,5,top,0.0,0.0,,6724.0,116.34379263301501,95.51067512983266,170.1081081081081,115.98997493734336,88.0,False,False,
P2_IN,5,11,587,482.1687,250.8449,594.3642,0.48486728,132.962,5,top,0.0,0.0,,60194.0,99.977210071678,88.22609722495572,134.3448275862069,99.0219243122469,88.0,False,False,
P2_IN,5,12,588,370.4316,193.2386,468.6464,0.48768374,132.7,5,top,6880.0,2071.0,0.30101744186046514,91169.0,100.42592497562478,88.79337388378414,127.01208459214502,99.3429457364341,88.0,False,True,0.0055301228690806566
P2_IN,5,13,589,501.9848,262.2779,617.2257,0.48597998,133.0,5,top,0.0,0.0,,19180.0,132.43986254295532,113.03516681695221,183.83496199782846,131.601393728223,104.0,False,False,
P2_IN,5,14,590,390.247,204.669,491.5081,0.48830209,132.763,5,top,18660.0,3770.0,0.2020364415862808,67840.0,122.85034749034749,106.07283928247871,173.41750358680056,120.81534152122387,104.0,False,True,0.0029393450088957165
P2_IN,5,15,591,278.5107,147.0578,365.7878,0.49272724,132.322,5,top,0.0,0.0,,9665.0,118.6829865361077,102.44436789528075,163.30396475770925,116.88372093023256,104.0,False,False,
P2_IN,5,16,592,521.7991,273.7103,636.9387,0.48757261,133.034,5,top,0.0,0.0,,11775.0,107.1463687150838,91.71663756547767,144.58283433133732,105.19832985386222,88.0,False,False,
P2_IN,5,17,593,410.0603,216.0998,514.3706,0.4894264,132.816,5,top,9294.0,2225.0,0.23940176457929846,81148.0,109.94825716498838,97.37691711851278,147.022629036359,109.31413506388157,104.0,False,True,0.004426291343388323
P2_IN,5,18,594,166.7797,89.4384,240.1019,0.51473793,131.22,5,top,0.0,0.0,,4157.0,113.73737373737374,99.57290836653387,164.74172185430464,113.2027972027972,104.0,False,False,
P2_IN,5,19,595,298.3225,158.485,388.6581,0.49658507,132.432,5,top,0.0,0.0,,12474.0,128.8877551020408,111.82962492053402,178.50212765957446,128.72424557752342,104.0,False,False,
P2_IN,5,20,596,429.8721,227.5304,537.234,0.4913602,132.869,5,top,12191.0,2124.0,0.17422688868837666,56646.0,123.71772004652966,106.34041869679285,176.40126525079077,122.13021525378687,104.0,False,True,0.0034353286679550017
P2_IN,5,21,597,186.5871,100.8585,262.953,0.51196671,131.525,5,top,0.0,0.0,,5024.0,134.84468664850135,116.94203961848862,179.68586387434553,133.41379310344828,120.0,False,False,
P2_IN,5,22,598,318.1322,169.9123,411.5216,0.49795991,132.521,5,top,0.0,0.0,,19407.0,113.52941176470588,99.2088374539716,155.72894482091,113.14481409001957,104.0,False,False,
P2_IN,5,23,599,449.6822,238.9607,560.0964,0.49310032,132.906,5,top,122.0,24.0,0.19672131147540983,76133.0,107.45906536377905,92.72594825420748,142.94263051097582,105.77512493059412,88.0,False,False,0.03598975686319885
P2_IN,5,24,600,206.3922,112.2805,285.825,0.51472664,131.772,5,top,0.0,0.0,,4145.0,125.83501006036217,109.6295054484493,184.80597014925374,125.06010928961749,104.0,False,False,
P2_IN,5,25,601,469.4907,250.391,582.9573,0.49393123,132.951,5,top,0.0,0.0,,39034.0,129.1195335276968,112.90806904857487,176.29957028852056,128.8910891089109,120.0,False,False,
P2_IN,5,26,602,337.94,181.34,434.3842,0.4992942,132.599,5,top,0.0,0.0,,38082.0,113.51841359773371,100.75827292782856,149.11885245901638,113.20690517888416,104.0,False,False,
P2_IN,5,27,603,489.2988,261.821,605.8185,0.49509531,132.993,5,top,0.0,0.0,,30721.0,105.48193611382341,90.9145132907289,142.94376004284948,103.56802493876643,88.0,False,False,
P2_IN,5,28,604,357.7461,192.7676,457.2448,0.4990556,132.667,5,top,0.0,0.0,,57941.0,121.59880339039388,106.23467565959135,165.2535700501737,119.97734806629833,104.0,False,False,
P2_IN,5,29,605,509.1055,273.251,628.6794,0.49583742,133.025,5,top,0.0,0.0,,24368.0,107.77504926481734,93.2980204778157,141.84976525821597,105.7338129496403,88.0,False,False,
P2_IN,5,30,606,226.1952,123.7039,308.6759,0.51214774,131.968,5,top,0.0,0.0,,9316.0,110.36021100226074,96.31951770911832,156.23963133640552,109.82617382617383,104.0,False,False,
P2_IN,5,31,607,377.5512,204.1957,480.1081,0.50090133,132.737,5,top,19667.0,4147.0,0.21086083286723953,59869.0,115.89759299781181,101.22216347678967,158.3587579137775,115.05418381344307,104.0,False,True,0.002908745332904442
P2_IN,5,32,608,245.9971,135.1281,331.5393,0.51292218,132.124,5,top,0.0,0.0,,8437.0,119.90606653620353,104.76171352074967,164.6064139941691,118.17107942973523,104.0,False,False,
P2_IN,5,33,609,397.3555,215.6236,502.9701,0.50245312,132.8,5,top,20367.0,5649.0,0.2773604359994108,92342.0,109.6722793157701,97.3076691326616,142.35702817106994,108.56883450113492,104.0,False,True,0.0031370366426479042
P2_IN,5,34,610,265.7979,146.5533,354.3998,0.51281127,132.259,5,top,0.0,0.0,,54302.0,898.2068965517242,153.7646437994723,1015.4197906379617,898.0645161290323,1016.0,False,False,
P2_IN,5,35,611,417.1586,227.0515,525.8294,0.50285567,132.843,5,top,11960.0,4158.0,0.3476588628762542,118068.0,101.4434769665848,89.20767611943408,128.00449817261736,100.28795872904209,88.0,False,True,0.004354601782474886
P2_IN,5,36,612,285.5979,157.9788,377.2573,0.51183951,132.379,5,top,0.0,0.0,,10825.0,118.96608187134503,103.12079207920792,166.55660377358492,117.36093609360935,104.0,False,False,
P2_IN,5,37,613,436.9609,238.4796,548.6888,0.50327036,132.883,5,top,15778.0,3816.0,0.24185574851058436,74842.0,110.93575854843743,97.58958584102358,148.30019385211853,110.45987096774194,104.0,False,True,0.003409009052373429
P2_IN,5,38,614,305.3971,169.4047,400.1198,0.51250005,132.48,5,top,0.0,0.0,,20133.0,106.34432823813354,91.74934268185802,140.75666666666666,103.72252252252252,88.0,False,False,
P2_IN,5,39,615,456.7627,249.9082,571.5493,0.50450225,132.932,5,top,1.0,0.0,0.0,67302.0,103.24221605028505,89.54089148758447,136.1141498216409,101.50366585203288,88.0,False,False,0.0
P2_IN,5,40,616,173.8214,100.2819,251.5458,0.51278907,131.388,5,top,0.0,0.0,,4225.0,99.8784,85.98893499308437,148.45333333333335,99.14805194805194,88.0,False,False,
P2_IN,5,41,617,476.5642,261.3363,594.4102,0.50523202,132.972,5,top,0.0,0.0,,25814.0,113.4853017019082,98.072,157.33552631578948,113.14924181963288,104.0,False,False,
P2_IN,5,42,618,325.1958,180.8313,422.9826,0.51409589,132.563,5,top,0.0,0.0,,17778.0,130.5517873510541,112.9876316994961,182.1595744680851,130.17840375586854,120.0,False,False,
P2_IN,5,43,619,496.3645,272.7647,617.2701,0.50590711,133.004,5,top,0.0,0.0,,24217.0,121.22960439144425,106.16943400799903,160.3920792079208,118.72180865729253,104.0,False,False,
P2_IN,5,44,620,344.9941,192.2579,445.8448,0.5153806,132.637,5,top,0.0,0.0,,44984.0,108.04157043879908,94.91502942883197,138.81815375115775,106.40440726382371,104.0,False,False,
P2_IN,5,45,621,516.1648,284.1931,637.2349,0.50662851,133.037,5,top,0.0,0.0,,9826.0,124.63120567375887,108.53145057766368,168.3743842364532,123.2020202020202,104.0,False,False,
P2_IN,5,46,622,364.7919,203.6852,468.702,0.51472718,132.706,5,top,7672.0,4106.0,0.5351929092805006,138059.0,94.63304578633046,84.98969720252855,115.77094017094016,93.86912020905923,88.0,False,True,0.005694259443240268
P2_IN,5,47,623,213.4071,123.1366,297.2648,0.51753169,131.871,5,top,0.0,0.0,,8514.0,102.15643044619422,89.52811594202899,129.0559284116331,100.62096138691884,88.0,False,False,
P2_IN,5,48,624,384.5895,215.1119,491.5663,0.51676386,132.757,5,top,18535.0,5747.0,0.31006204478014565,97550.0,107.80742714790568,96.5044898905046,134.44719827586206,105.00116054158607,104.0,False,True,0.0033972931763667858
P2_IN,5,49,625,404.3868,226.5392,514.4259,0.51706526,132.82,5,top,13140.0,3390.0,0.2579908675799087,79904.0,116.04387785354284,104.21728279061573,152.58849754792686,115.23913559724531,104.0,False,True,0.0038168852983707707
P2_IN,5,50,626,252.9942,145.992,342.985,0.51994743,132.196,5,top,0.0,0.0,,12469.0,120.3020940611054,106.50556030795552,151.67733674775928,118.35751840168244,104.0,False,False,
P2_IN,5,51,627,424.1838,237.9667,537.2865,0.5178369,132.864,5,top,19874.0,4861.0,0.24459092281372646,74886.0,124.69204938781836,109.56139080043462,160.69388971684054,123.45743473325766,104.0,False,True,0.003049078633254141
P2_IN,5,52,628,272.7878,157.4203,365.8455,0.52211296,132.326,5,top,0.0,0.0,,8800.0,126.7254346947028,112.49171047310958,175.04076738609115,125.93986928104576,120.0,False,False,
P2_IN,5,53,629,443.9808,249.3942,560.1469,0.51848643,132.904,5,top,51.0,11.0,0.21568627450980393,76931.0,117.28890815631387,105.19943717117337,145.32270210409743,116.2759863809333,104.0,False,False,0.057593182040981176
P2_IN,5,54,630,463.7775,260.8215,583.0038,0.51790765,132.952,5,top,0.0,0.0,,35849.0,114.29888317674171,99.4116398031078,145.35669781931463,114.08220937700706,104.0,False,False,
P2_IN,5,55,631,312.3758,180.2762,411.5656,0.52227221,132.52,5,top,0.0,0.0,,10416.0,105.6627687665032,91.54716981132076,136.05128205128204,103.79549604382228,88.0,False,False,
P2_IN,5,56,632,483.5741,272.2493,605.8635,0.51848339,132.986,5,top,0.0,0.0,,23908.0,114.1842250413679,102.9955856688225,154.2155887230514,113.728502837189,104.0,False,False,
P2_IN,5,57,633,351.9643,203.1326,457.2843,0.52369888,132.673,5,top,0.0,0.0,,36980.0,124.76901798063624,105.99708218511914,190.44827586206895,123.59037281736668,104.0,False,False,
P2_IN,5,58,634,503.3701,283.6772,628.7253,0.51966039,133.023,5,top,0.0,0.0,,15057.0,118.83769633507853,102.98239222829386,165.65442176870746,117.19628647214854,104.0,False,False,
P2_IN,5,59,635,411.3474,237.4175,525.8622,0.5219081,132.842,5,top,12969.0,1640.0,0.12645539363096614,51630.0,103.07287509238729,90.41045039592476,127.2990720913633,101.26960352422907,88.0,False,True,0.0029184884374006937
P2_IN,5,60,636,431.1417,248.8462,548.7207,0.52259618,132.89,5,top,10481.0,2727.0,0.2601850968419044,63602.0,104.72110427407284,89.87180327868853,153.49290060851928,102.72825250192456,88.0,False,True,0.004285498878948925
P2_IN,5,61,637,450.9364,260.2742,571.5791,0.52367604,132.931,5,top,0.0,0.0,,35261.0,96.76878797569556,87.47352609838528,126.68034626482847,96.6148337595908,88.0,False,False,
P2_IN,5,62,638,470.731,271.7025,594.4374,0.52367274,132.963,5,top,0.0,0.0,,22143.0,103.66212970376301,90.1912681912682,135.5003785011355,102.01130653266331,88.0,False,False,
P2_IN,5,63,639,510.3199,294.5593,637.5358,0.51844433,133.041,5,top,0.0,0.0,,9895.0,97.88051367950865,88.13978728022575,127.86237513873473,97.46307558644656,88.0,False,False,
P2_IN,6,0,703,398.9561,257.6972,525.8623,0.57155614,132.846,6,bot,3292.0,519.0,0.15765492102065615,22226.0,101.3419147224457,86.96595388842432,157.7952755905512,101.89698046181172,88.0,False,True,0.006351391359767493
P2_IN,6,1,702,187.4608,121.753,274.3955,0.57237906,131.656,6,bot,0.0,0.0,,6337.0,93.75419501133787,82.25850340136054,131.5830618892508,92.98048780487805,88.0,False,False,
P2_IN,6,2,701,313.0162,201.1795,422.9977,0.56944883,132.56,6,bot,0.0,0.0,,14500.0,92.02937765751837,80.81948202551217,137.92,90.76985743380855,88.0,False,False,
P2_IN,6,3,700,418.7692,269.1467,548.7232,0.56913041,132.888,6,bot,2167.0,404.0,0.1864328564836179,20593.0,108.39690039690039,92.9694780567094,151.85806451612905,107.23638180909545,88.0,False,True,0.008366204415978518
P2_IN,6,4,699,207.2679,133.2115,297.2624,0.56831242,131.867,6,bot,0.0,0.0,,7207.0,101.22170542635659,67.86982248520711,209.59360730593608,99.78426966292135,88.0,False,False,
P2_IN,6,5,698,438.5809,280.594,571.5835,0.56801874,132.931,6,bot,0.0,0.0,,23371.0,90.93647568738994,77.77155850970789,125.26300578034682,88.51721377101681,88.0,False,False,
P2_IN,6,6,697,332.8259,212.6284,445.8592,0.56770753,132.638,6,bot,0.0,0.0,,2119.0,103.07042253521126,87.89473684210526,164.4242424242424,101.34042553191489,88.0,False,False,
P2_IN,6,7,696,227.073,144.6646,320.1281,0.56648418,132.05,6,bot,0.0,0.0,,1706.0,104.44543429844097,90.48727272727272,128.07207207207207,103.23664122137404,88.0,False,False,
P2_IN,6,8,695,458.3912,292.0399,594.4433,0.56562236,132.965,6,bot,0.0,0.0,,19512.0,104.4557956777996,83.23089840470193,210.78217821782178,102.61136712749615,88.0,False,False,
P2_IN,6,9,694,352.6339,224.0761,468.7211,0.56539682,132.709,6,bot,2105.0,326.0,0.15486935866983373,19207.0,123.21720832359131,107.33818064307643,162.11970074812967,119.46824408468244,104.0,False,True,0.007885307315258572
P2_IN,6,10,693,246.8768,156.1138,342.9916,0.56470537,132.188,6,bot,0.0,0.0,,8419.0,111.19958527734578,94.08863536638877,167.72857142857143,110.80495356037152,88.0,False,False,
P2_IN,6,11,692,478.2004,303.4844,617.3029,0.56374041,133.003,6,bot,0.0,0.0,,10085.0,119.10105580693816,99.40366598778004,178.07905138339922,116.23762376237624,104.0,False,False,
P2_IN,6,12,691,372.4408,235.5208,491.5808,0.56332847,132.768,6,bot,7094.0,2052.0,0.2892585283338032,51450.0,93.97611177222443,84.90563709286438,180.65116279069767,93.3953488372093,88.0,False,True,0.005383358753496006
P2_IN,6,13,690,498.0082,314.9279,637.0079,0.56335524,133.03,6,bot,0.0,0.0,,16005.0,100.86676016830295,87.60134003350083,134.67110741049126,101.46026750590087,88.0,False,False,
P2_IN,6,14,689,121.3291,76.7049,194.3819,0.57283841,130.261,6,bot,0.0,0.0,,4907.0,133.7041420118343,73.5111111111111,215.3528505392912,136.0183486238532,88.0,False,False,
P2_IN,6,15,688,392.2463,246.9646,514.4414,0.56157604,132.81,6,bot,5303.0,959.0,0.1808410333773336,32303.0,110.22560370492887,90.21478307445099,152.40924092409242,110.35257985257985,88.0,False,True,0.005285325894789633
P2_IN,6,16,687,266.6793,167.5601,365.8536,0.55966255,132.326,6,bot,0.0,0.0,,13670.0,98.49377415199656,87.02772168165963,135.77777777777777,97.9155672823219,88.0,False,False,
P2_IN,6,17,686,141.1204,88.1594,217.2459,0.56356676,130.82,6,bot,0.0,0.0,,4892.0,104.75757575757575,90.29203539823008,142.20938628158845,102.33424657534246,88.0,False,False,
P2_IN,6,18,685,412.0511,258.4066,537.3018,0.55948051,132.866,6,bot,6127.0,1310.0,0.21380773624938795,39840.0,106.84544065206317,91.39053924557888,143.52331606217615,104.22857142857143,88.0,False,True,0.005237839066079123
P2_IN,6,19,684,286.4811,179.004,388.7156,0.55660721,132.431,6,bot,0.0,0.0,,9166.0,93.19547262159682,81.97981033955338,121.9888888888889,92.38485804416403,88.0,False,False,
P2_IN,6,20,683,431.8549,269.8476,560.1602,0.55796249,132.905,6,bot,24.0,2.0,0.08333333333333333,21199.0,110.10815173527038,96.42033898305084,149.34701492537312,109.36629213483145,104.0,False,False,0.0564169333655275
P2_IN,6,21,682,160.9131,99.6075,240.1128,0.55791801,131.219,6,bot,0.0,0.0,,9972.0,107.45152354570637,93.60925990880392,128.21114369501467,106.84862745098039,104.0,False,False,
P2_IN,6,22,681,306.2821,190.4455,411.5768,0.55479451,132.519,6,bot,0.0,0.0,,21870.0,103.92831541218638,83.30718321226796,154.2974358974359,107.96415770609319,88.0,False,False,
P2_IN,6,23,680,451.6582,281.287,583.0189,0.55623934,132.947,6,bot,0.0,0.0,,13282.0,122.79365079365078,100.22522522522523,171.29790660225441,118.96542893725993,104.0,False,False,
P2_IN,6,24,679,471.4606,292.7258,605.8781,0.55570187,132.982,6,bot,0.0,0.0,,21433.0,109.27206586253111,93.42395228378591,142.28169014084506,107.90339275445659,88.0,False,False,
P2_IN,6,25,678,326.0822,201.8859,434.4372,0.55445573,132.603,6,bot,0.0,0.0,,16913.0,114.46792162888974,100.83108354615104,158.6624803767661,113.54944524843222,104.0,False,False,
P2_IN,6,26,677,491.2624,304.1637,628.7364,0.55447297,133.02,6,bot,0.0,0.0,,12728.0,110.2780269058296,87.22456019317006,158.48211508553655,110.83724451173354,88.0,False,False,
P2_IN,6,27,676,180.7064,111.0511,262.9752,0.55206201,131.531,6,bot,0.0,0.0,,6140.0,106.19761129207383,87.84516129032258,152.9037656903766,106.08849557522124,88.0,False,False,
P2_IN,6,28,675,345.8821,213.3244,457.2964,0.55228645,132.675,6,bot,0.0,0.0,,22153.0,94.99121789560894,80.30820215410108,161.95862068965516,95.3070794445709,88.0,False,False,
P2_IN,6,29,674,200.5005,122.4917,285.8392,0.54943087,131.776,6,bot,0.0,0.0,,6668.0,107.11385701676964,88.38507301243916,143.5,106.97640653357531,88.0,False,False,
P2_IN,6,30,673,365.6814,224.762,480.1559,0.55088313,132.74,6,bot,6176.0,1200.0,0.19430051813471502,34840.0,137.14211297411688,111.27161838379438,216.33656957928804,138.07148888263438,136.0,False,True,0.00503465687821551
P2_IN,6,31,672,220.2949,133.9297,308.7024,0.54590509,131.968,6,bot,0.0,0.0,,10952.0,113.43738656987296,100.57142857142857,139.10142180094786,113.15116279069767,104.0,False,False,
P2_IN,6,32,671,385.4802,236.1986,503.0156,0.54916753,132.792,6,bot,10035.0,2311.0,0.230293971101146,61535.0,109.37019719455174,82.08992056759466,215.9,108.55407565263718,88.0,False,True,0.004202861126872957
P2_IN,6,33,670,405.2788,247.6348,525.8737,0.54895262,132.838,6,bot,6107.0,1193.0,0.19534959882102507,44428.0,117.48684506408816,103.33597688016668,151.51206669591926,116.0754969099716,104.0,False,True,0.005073362773827625
P2_IN,6,34,669,240.0895,145.3662,331.564,0.54438632,132.131,6,bot,0.0,0.0,,29102.0,105.07614814814815,89.61611484139847,137.69230769230768,102.90065330029286,88.0,False,False,
P2_IN,6,35,668,425.0767,259.07,548.7327,0.5478386,132.881,6,bot,3760.0,622.0,0.16542553191489362,22729.0,98.20011983223488,86.1673640167364,123.1269760326364,97.63684992570579,88.0,False,True,0.0060595433194955035
P2_IN,6,36,667,259.884,156.8017,354.4258,0.54306107,132.258,6,bot,0.0,0.0,,11250.0,100.81886387995712,86.16712179137083,147.5117370892019,99.5968,88.0,False,False,
P2_IN,6,37,666,444.8746,270.5046,571.5911,0.5468743,132.929,6,bot,0.0,0.0,,26113.0,102.52942222222222,89.20585874799357,133.65972720746592,100.95520777118188,88.0,False,False,
P2_IN,6,38,665,279.6786,168.2358,377.2854,0.54189462,132.377,6,bot,0.0,0.0,,17896.0,146.55072463768116,78.40220892774965,214.47251114413075,146.13981762917933,88.0,False,False,
P2_IN,6,39,664,464.6725,281.9385,594.4497,0.54526031,132.971,6,bot,0.0,0.0,,24686.0,105.28941726758916,88.60353315957138,141.08855850032322,105.42649866361207,88.0,False,False,
P2_IN,6,40,663,484.4697,293.3725,617.3076,0.54477712,133.003,6,bot,0.0,0.0,,15379.0,120.12037037037037,103.86409328508243,166.65793780687397,118.51237623762377,104.0,False,False,
P2_IN,6,41,662,299.4733,179.6695,400.1467,0.54179277,132.48,6,bot,0.0,0.0,,19001.0,108.66224188790561,94.55342682204227,139.6003028009084,108.06263592866463,104.0,False,False,
P2_IN,6,42,661,504.2669,304.8057,637.2585,0.5442981,133.035,6,bot,0.0,0.0,,14151.0,88.80037054191756,64.34471273938385,196.2154076290202,86.44504748982361,72.0,False,False,
P2_IN,6,43,660,104.5448,60.2851,171.491,0.56318364,144.006,6,bot,0.0,0.0,,1862.0,127.05226480836237,106.53146853146853,235.74999999999997,126.5531914893617,104.0,False,False,
P2_IN,6,44,659,319.2679,191.1022,423.0058,0.53828174,132.561,6,bot,0.0,0.0,,26481.0,121.95219123505979,84.27998384708575,215.0723860589812,122.13899613899613,88.0,False,False,
P2_IN,6,45,658,114.4485,66.0033,182.9246,0.51894935,129.906,6,bot,0.0,0.0,,7348.0,321.04761904761904,94.78205128205128,425.46192893401013,321.7254901960784,88.0,False,False,
P2_IN,6,46,657,339.0627,202.5348,445.8646,0.53689046,132.638,6,bot,0.0,0.0,,22371.0,93.40455696202531,82.07746835443038,141.40638002773923,92.79725085910653,88.0,False,False,
P2_IN,6,47,656,358.8578,213.9666,468.7239,0.53624811,132.702,6,bot,3774.0,842.0,0.22310545839957605,60942.0,104.11468317923489,86.82208588957056,130.3095577746077,103.4423525750739,88.0,False,True,0.006776964099343209
P2_IN,6,48,655,134.2382,77.4287,205.8029,0.51495913,130.564,6,bot,0.0,0.0,,4467.0,112.69198312236287,96.84010371650821,179.92792792792793,112.52733118971061,104.0,False,False,
P2_IN,6,49,654,378.6528,225.3981,491.5828,0.53514113,132.764,6,bot,9945.0,1512.0,0.1520361990950226,40412.0,110.06690584698924,94.45228758169935,160.24983027834352,109.53815756977032,88.0,False,True,0.003600474708377674
P2_IN,6,50,653,398.4475,236.8299,514.4415,0.53487428,132.813,6,bot,8038.0,1761.0,0.219084349340632,107536.0,98.48474512033351,86.73820500245218,128.69646327244462,97.92258064516129,88.0,False,True,0.004613534148509744
P2_IN,6,51,652,418.2423,248.2607,537.3009,0.53439809,132.871,6,bot,10452.0,1174.0,0.11232300038270188,39750.0,91.69057211925866,81.01369863013699,115.1698670605613,90.21629416005769,88.0,False,True,0.0030886032988257277
P2_IN,6,52,651,154.0294,88.855,228.6765,0.51336072,131.038,6,bot,0.0,0.0,,3453.0,124.15469613259668,99.50086655112652,182.78048780487805,122.75376884422111,104.0,False,False,
P2_IN,6,53,650,438.0372,259.6917,560.1596,0.53295805,132.908,6,bot,6.0,0.0,0.0,35393.0,104.12762078395625,88.19530350022153,141.53387533875338,103.34230030194894,88.0,False,False,0.0
P2_IN,6,54,649,457.832,271.122,583.018,0.53259373,132.947,6,bot,0.0,0.0,,23229.0,92.91565113500597,81.81457586618878,134.6050156739812,92.51417769376181,88.0,False,False,
P2_IN,6,55,648,477.6269,282.5526,605.8761,0.53194693,132.986,6,bot,0.0,0.0,,28817.0,116.61216730038024,92.03711155823832,356.1363636363636,115.4906474820144,88.0,False,False,
P2_IN,6,56,647,497.4219,293.9826,628.7337,0.53218567,133.017,6,bot,0.0,0.0,,18447.0,96.30790762771169,84.65284653465346,169.21981424148606,96.27499999999999,88.0,False,False,
P2_IN,6,57,646,193.614,111.7091,274.399,0.51848608,131.655,6,bot,0.0,0.0,,5309.0,103.32682926829268,87.57277255118981,145.34969325153372,101.19723183391004,88.0,False,False,
P2_IN,6,58,645,233.2005,134.5644,320.122,0.52085513,132.048,6,bot,0.0,0.0,,8608.0,95.8921651221567,86.22297107554058,177.09251101321584,95.86822237474261,88.0,False,False,
P2_IN,6,59,644,292.5818,168.8482,388.7053,0.52372097,132.422,6,bot,0.0,0.0,,17211.0,96.22492190211732,85.32602911253717,130.81638044914135,96.19217081850535,88.0,False,False,
P2_IN,6,60,643,332.1699,191.7046,434.4252,0.52468136,132.601,6,bot,0.0,0.0,,19379.0,109.22487046632125,90.92464046021092,159.7947598253275,108.58200382897256,88.0,False,False,
P2_IN,6,61,642,371.7587,214.5609,480.1441,0.52457719,132.728,6,bot,14730.0,4540.0,0.30821452817379497,94330.0,83.73137717229936,72.88379577705174,106.61641873278238,82.73651850903036,72.0,False,True,0.003804616597494516
P2_IN,6,62,641,391.5529,225.9893,503.0023,0.52368973,132.791,6,bot,17875.0,3768.0,0.2107972027972028,76502.0,89.33175374811063,76.44277329420396,122.42373667130272,87.29441818878529,88.0,False,True,0.003050729520366877
P2_IN,6,63,640,490.5252,283.131,617.2957,0.52366969,133.008,6,bot,0.0,0.0,,18063.0,95.53610638626876,84.3636925931653,139.94950405770965,95.49031600407747,88.0,False,False,
P2_IN,7,0,704,293.205,189.7268,400.1352,0.57204064,132.48,6,top,0.0,0.0,,1855.0,170.4,132.43243243243242,307.65217391304355,169.25925925925927,120.0,False,False,
P2_IN,7,1,705,167.6517,110.2871,251.5279,0.57427131,131.385,6,top,0.0,0.0,,3588.0,164.9108910891089,131.13493530499076,256.20512820512823,164.79999999999998,120.0,False,False,
P2_IN,7,2,706,484.8946,314.2159,628.7241,0.57340262,133.016,6,top,0.0,0.0,,3778.0,177.40845070422534,142.78313253012047,261.36170212765956,177.13636363636363,136.0,False,False,
P2_IN,7,3,707,379.1413,246.2453,503.0019,0.57380137,132.789,6,top,5568.0,79.0,0.014188218390804598,4968.0,176.62745098039215,141.3241695303551,258.98305084745766,176.58031088082902,136.0,False,True,0.0015849345077899512
P2_IN,7,4,708,273.3913,178.2714,377.2716,0.57625874,132.376,6,top,0.0,0.0,,3172.0,178.11453744493392,143.3006993006993,272.7868852459016,177.77777777777777,136.0,False,False,
P2_IN,7,5,709,465.0774,302.7647,605.8639,0.57563524,132.98,6,top,0.0,0.0,,10470.0,1009.0774986638162,171.43661971830986,1016.5387493319081,1016.5387493319081,1016.0,False,False,
P2_IN,7,6,710,359.3243,234.7913,480.1394,0.57627933,132.738,6,top,3924.0,50.0,0.0127420998980632,5803.0,167.56275303643724,136.02636534839925,238.84403669724773,166.67142857142858,136.0,False,True,0.001790487577904044
P2_IN,7,7,711,253.5749,166.8115,354.4083,0.5764606,132.261,6,top,0.0,0.0,,5021.0,172.17142857142858,137.4747225647349,260.89719626168227,171.00621118012424,136.0,False,False,
P2_IN,7,8,712,445.2584,291.3116,583.0025,0.5777674,132.952,6,top,0.0,0.0,,5024.0,194.04904632152588,155.621271076524,280.07619047619045,193.76525821596243,152.0,False,False,
P2_IN,7,9,713,339.505,223.334,457.2776,0.57830869,132.68,6,top,0.0,0.0,,3576.0,203.97080291970804,162.66042154566745,306.90909090909093,203.36134453781514,152.0,False,False,
P2_IN,7,10,714,147.8398,98.8111,228.6533,0.57921757,131.028,6,top,0.0,0.0,,9878.0,187.31034482758622,143.3230769230769,236.11360239162929,186.81524926686217,136.0,False,False,
P2_IN,7,11,715,425.4372,279.8563,560.1416,0.57962396,132.906,6,top,27.0,1.0,0.037037037037037035,4555.0,205.9714285714286,154.91325695581014,441.5,205.5726495726496,136.0,False,False,0.036344694923159865
P2_IN,7,12,716,233.7557,155.3466,331.5418,0.58005744,132.124,6,top,0.0,0.0,,4384.0,194.3859649122807,156.68347338935575,282.0900900900901,194.21739130434784,152.0,False,False,
P2_IN,7,13,717,319.6827,211.8738,434.4143,0.58116002,132.605,6,top,0.0,0.0,,2972.0,195.55555555555554,155.6551724137931,307.4666666666667,195.04132231404958,152.0,False,False,
P2_IN,7,14,718,405.6136,268.3982,537.2799,0.58198949,132.864,6,top,1762.0,42.0,0.02383654937570942,5076.0,184.03619909502262,147.45323741007195,267.4125874125874,182.85714285714286,136.0,False,True,0.0036339589117186603
P2_IN,7,15,719,491.5465,324.9212,636.9883,0.58241912,133.032,6,top,0.0,0.0,,3651.0,201.17374517374517,158.24273504273503,303.62666666666667,200.8130081300813,152.0,False,False,
P2_IN,7,16,720,128.0242,87.3208,205.7744,0.58521733,130.567,6,top,0.0,0.0,,5966.0,179.9840637450199,147.1315789473684,258.2360248447205,179.44827586206895,136.0,False,False,
P2_IN,7,17,721,213.9324,143.8748,308.6712,0.58581515,131.962,6,top,0.0,0.0,,5658.0,232.93982808022923,168.85906040268458,302.96345514950167,232.15286624203821,152.0,False,False,
P2_IN,7,18,722,471.7199,313.4622,617.2818,0.58366789,133.004,6,top,0.0,0.0,,2268.0,192.9142857142857,153.75498575498577,315.25925925925924,192.7710843373494,136.0,False,False,
P2_IN,7,19,723,385.7876,256.9371,514.4169,0.58467845,132.823,6,top,1611.0,22.0,0.013656114214773432,2126.0,219.75221238938053,171.12915129151293,370.0571428571429,219.47169811320754,152.0,False,True,0.002891545152709744
P2_IN,7,20,724,299.8576,200.4088,411.5482,0.58600613,132.525,6,top,0.0,0.0,,5265.0,209.90029325513197,169.26805385556915,306.67692307692306,209.8202247191011,152.0,False,False,
P2_IN,7,21,725,451.8905,302.0012,594.4198,0.58563677,132.963,6,top,0.0,0.0,,6690.0,191.89525368248772,157.52450090744102,280.0506329113924,191.87044534412956,152.0,False,False,
P2_IN,7,22,726,365.9583,245.4727,491.5537,0.58655057,132.762,6,top,2057.0,5.0,0.0024307243558580457,3685.0,212.22222222222223,172.1381818181818,322.6111111111111,211.18562874251498,168.0,False,True,0.0010857310119536433
P2_IN,7,23,727,280.0282,188.9392,388.6836,0.58709961,132.432,6,top,0.0,0.0,,0.0,,,,,,False,False,
P2_IN,7,24,728,194.1044,132.3939,285.7977,0.5910998,131.774,6,top,0.0,0.0,,12584.0,157.30180460485377,141.8904033379694,201.50146627565982,156.25561312607945,136.0,False,False,
P2_IN,7,25,729,432.0584,290.5371,571.5571,0.58849248,132.929,6,top,0.0,0.0,,8207.0,155.0104025327906,140.67163593566104,185.9607843137255,151.807568954458,136.0,False,False,
P2_IN,7,26,730,346.1252,234.004,468.6896,0.58959474,132.701,6,top,660.0,2.0,0.0030303030303030303,4681.0,141.6620336503292,134.8134601316752,167.35830618892507,142.43256498283472,136.0,False,True,0.0021394987708989533
P2_IN,7,27,731,108.2044,75.8071,182.917,0.58264187,129.902,6,top,0.0,0.0,,9763.0,137.88526315789474,132.74684210526317,143.0236842105263,133.07690228409245,136.0,False,False,
P2_IN,7,28,732,260.1943,177.4633,365.8137,0.59319878,132.319,6,top,0.0,0.0,,13418.0,136.81452872051935,132.4039773194182,141.22508012162052,133.5942422029832,136.0,False,False,
P2_IN,7,29,733,412.2231,279.0691,548.6939,0.59161701,132.886,6,top,200.0,16.0,0.08,766.0,136.32,121.25679758308158,1010.3822222222223,132.4255319148936,120.0,False,False,0.01918332609325088
P2_IN,7,30,734,174.2698,120.9017,262.9179,0.60355817,131.526,6,top,0.0,0.0,,3536.0,137.5438596491228,132.7719298245614,142.31578947368422,137.77488614183474,136.0,False,False,
P2_IN,7,31,735,478.3213,324.1347,628.6971,0.59233186,133.018,6,top,0.0,0.0,,1218.0,155.03510758776898,149.51755379388447,241.33333333333323,149.6,152.0,False,False,
P2_IN,7,32,736,326.2882,222.5308,445.8217,0.59485863,132.643,6,top,0.0,0.0,,419.0,1009.0357142857143,159.22935779816513,1016.5178571428571,1016.5178571428571,1016.0,False,False,
P2_IN,7,33,737,392.3838,267.5979,525.8289,0.59415988,132.844,6,top,134.0,8.0,0.05970149253731343,302.0,1012.9680365296804,667.0,1018.4840182648402,1018.4840182648402,1016.0,False,False,0.02046788972748526
P2_IN,7,34,738,240.3549,165.9796,342.9397,0.60087453,132.2,6,top,0.0,0.0,,2837.0,137.6825938566553,132.84129692832764,142.52389078498294,140.5880184331797,136.0,False,False,
P2_IN,7,35,739,458.4807,312.6643,605.8336,0.59527459,132.987,6,top,0.0,0.0,,1604.0,138.38573743922205,133.18638573743922,143.58508914100486,133.696,136.0,False,False,
P2_IN,7,36,740,306.4464,211.0518,422.9536,0.59835998,132.555,6,top,0.0,0.0,,446.0,576.0,143.3793103448276,1015.7407407407408,568.0,1016.0,False,False,
P2_IN,7,37,741,372.5406,256.1216,502.9638,0.59742479,132.787,6,top,153.0,0.0,0.0,320.0,1012.310502283105,592.0,1018.1552511415525,1018.1552511415525,1016.0,False,False,0.0
P2_IN,7,38,742,154.4273,109.3933,240.0378,0.60440431,131.217,6,top,0.0,0.0,,1064.0,126.28187919463087,119.14093959731544,284.0000000000001,127.13949579831933,120.0,False,False,
P2_IN,7,39,743,438.6365,301.1902,582.9687,0.59847298,132.95,6,top,0.0,0.0,,416.0,1008.6635944700461,141.86666666666667,1016.331797235023,1016.331797235023,1016.0,False,False,
P2_IN,7,40,744,220.5083,154.4864,320.0648,0.61018319,132.047,6,top,0.0,0.0,,561.0,283.6923076923077,137.35,1013.8461538461538,281.0,136.0,False,False,
P2_IN,7,41,745,286.5984,199.5664,400.0819,0.60549344,132.473,6,top,0.0,0.0,,282.0,1013.8378378378378,1008.7567567567568,1018.918918918919,1018.918918918919,1016.0,False,False,
P2_IN,7,42,746,352.6922,244.6405,480.0939,0.60335126,132.74,6,top,59.0,1.0,0.01694915254237288,405.0,1009.5357142857143,142.85185185185185,1016.7678571428571,1016.7678571428571,1016.0,False,False,0.016804901812363878
P2_IN,7,43,747,418.7875,289.7122,560.1031,0.60165531,132.905,6,top,0.0,0.0,,335.0,1011.8181818181819,460.00000000000006,1017.9090909090909,1017.9090909090909,1016.0,False,False,
P2_IN,7,44,748,484.8841,334.782,637.2001,0.60147726,133.028,6,top,0.0,0.0,,313.0,1012.8711111111111,562.0,1018.4355555555555,1018.4355555555555,1016.0,False,False,
P2_IN,7,45,749,200.6533,142.9805,297.1858,0.61100892,131.877,6,top,0.0,0.0,,419.0,1009.0357142857143,144.7058823529412,1016.5178571428571,1016.5178571428571,1016.0,False,False,
P2_IN,7,46,750,266.7438,188.0722,377.2109,0.61412626,132.379,6,top,0.0,0.0,,371.0,1010.3225806451613,268.00000000000006,1017.1612903225806,1017.1612903225806,1016.0,False,False,
P2_IN,7,47,751,332.8381,233.1534,457.225,0.60975044,132.673,6,top,0.0,0.0,,2769.0,133.6956793988729,125.57352941176471,140.63118346900438,130.856783919598,136.0,False,False,
P2_IN,7,48,752,465.0312,323.302,617.2436,0.60398013,133.001,6,top,0.0,0.0,,1961.0,141.2701100762066,134.62828111769687,225.2537313432836,142.62925170068027,136.0,False,False,
P2_IN,7,49,753,398.9342,278.2293,537.2352,0.60634436,132.866,6,top,0.0,0.0,,579.0,246.54545454545456,137.01167315175098,1013.7973568281939,244.0,136.0,False,False,
P2_IN,7,50,754,246.881,176.5683,354.3325,0.61511966,132.264,6,top,0.0,0.0,,359.0,1010.8256880733945,300.6666666666667,1017.4128440366973,1017.4128440366973,1016.0,False,False,
P2_IN,7,51,755,312.9774,221.659,434.3541,0.61599676,132.605,6,top,0.0,0.0,,351.0,1011.0599078341014,429.99999999999994,1017.5299539170506,1017.5299539170506,1016.0,False,False,
P2_IN,7,52,756,445.1734,311.8177,594.3766,0.60817588,132.973,6,top,0.0,0.0,,330.0,1012.2666666666667,446.0,1018.1333333333333,1018.1333333333333,1016.0,False,False,
P2_IN,7,53,757,379.0752,266.7409,514.3663,0.61212937,132.82,6,top,0.0,0.0,,315.0,1012.2242990654206,546.0,1018.1121495327103,1018.0845070422536,1016.0,False,False,
P2_IN,7,54,758,293.1089,210.1559,411.4803,0.61613327,132.524,6,top,0.0,0.0,,307.0,1012.5767441860465,533.6,1018.2883720930232,1018.2883720930232,1016.0,False,False,
P2_IN,7,55,759,359.2101,255.2458,491.4977,0.61806972,132.763,6,top,0.0,0.0,,331.0,1012.072072072072,516.0,1018.0360360360361,1018.0360360360361,1016.0,False,False,
P2_IN,7,56,760,425.3107,300.3283,571.5094,0.61400104,132.93,6,top,0.0,0.0,,329.0,1011.7009345794393,465.0,1017.8504672897196,1017.8504672897196,1016.0,False,False,
P2_IN,7,57,761,339.3373,243.7432,468.6255,0.61762101,132.712,6,top,0.0,0.0,,288.0,1013.6216216216217,1008.4324324324324,1018.8108108108108,1018.8108108108108,1016.0,False,False,
P2_IN,7,58,762,405.4419,288.833,548.6406,0.61913645,132.889,6,top,0.0,0.0,,290.0,1013.4545454545455,1008.1818181818181,1018.7272727272727,1018.7272727272727,1016.0,False,False,
P2_IN,7,59,763,471.5448,333.9159,628.6511,0.61550876,133.023,6,top,0.0,0.0,,1249.0,122.82556879739978,117.4127843986999,162.40000000000015,119.3578792341679,120.0,False,False,
P2_IN,7,60,764,385.5659,277.3313,525.7707,0.61878645,132.851,6,top,0.0,0.0,,285.0,1013.7757847533633,1008.6636771300448,1018.8878923766816,1018.8878923766816,1016.0,False,False,
P2_IN,7,61,765,451.6731,322.4204,605.7847,0.62020802,132.989,6,top,0.0,0.0,,298.0,1013.4977973568282,1008.2466960352423,1018.7488986784141,1018.7488986784141,1016.0,False,False,
P2_IN,7,62,766,431.7949,310.9189,582.9138,0.62030431,132.95,6,top,0.0,0.0,,272.0,1013.6872037914692,1008.5308056872038,1018.8436018957347,1018.6926829268293,1016.0,True,False,
P2_IN,7,63,767,478.0239,344.5066,637.464,0.61395456,133.034,6,top,0.0,0.0,,363.0,1011.0357142857143,340.4,1017.5178571428571,1017.4887892376681,1016.0,False,False,
P2_MID,8,0,447,144.3471,56.383,205.3015,0.40114047,130.567,4,bot,0.0,0.0,,10093.0,115.34102141680395,90.46812559467173,163.77825159914713,115.04504504504504,88.0,False,False,
P2_MID,8,1,446,538.9023,208.4196,628.147,0.38036893,133.018,4,bot,0.0,0.0,,23514.0,95.54545454545455,78.09844395046046,135.72913385826772,95.39759036144578,72.0,False,False,
P2_MID,8,2,445,357.7356,138.249,433.8677,0.38582775,132.609,4,bot,0.0,0.0,,32168.0,108.56968959220937,91.41879661859771,148.1627620221948,107.43273905996759,88.0,False,False,
P2_MID,8,3,444,176.5673,68.1079,239.5518,0.38981025,131.228,4,bot,0.0,0.0,,16623.0,99.45912596401028,72.12760241773002,148.05326231691078,98.83881856540084,72.0,False,False,
P2_MID,8,4,443,389.9576,149.9791,468.1374,0.38230133,132.702,4,bot,0.0,0.0,,69075.0,94.76299344612102,75.48743169398907,131.41332116788323,94.56480990274093,72.0,False,False,
P2_MID,8,5,442,422.179,161.709,502.4153,0.38036152,132.783,4,bot,0.0,0.0,,98364.0,117.70685491361695,89.94004432520704,165.84226868143242,117.10808114399734,88.0,False,False,
P2_MID,8,6,441,208.787,79.8333,273.8179,0.38371553,131.661,4,bot,0.0,0.0,,21443.0,102.95588235294117,78.17116742833403,149.48430066603234,102.36180228648286,72.0,False,False,
P2_MID,8,7,440,454.3997,173.4382,536.6903,0.37806329,132.865,4,bot,0.0,0.0,,60047.0,124.0129413419609,95.94208932626798,174.58539603960398,123.37316356513223,88.0,False,False,
P2_MID,8,8,439,486.6205,185.1675,570.9702,0.37657601,132.928,4,bot,0.0,0.0,,41290.0,107.7956938550998,84.6002024291498,151.45357142857145,106.9883851629824,72.0,False,False,
P2_MID,8,9,438,241.0062,91.5587,308.0876,0.3786958,131.964,4,bot,0.0,0.0,,24219.0,104.88150943396226,85.2111442088663,144.394779771615,103.51788756388416,88.0,False,False,
P2_MID,8,10,437,518.8405,196.8959,605.246,0.37456285,132.987,4,bot,0.0,0.0,,27215.0,103.98827266064012,84.68291233283804,142.57253171538886,103.03442340791739,88.0,False,False,
P2_MID,8,11,436,551.0603,208.6245,636.3635,0.37361269,133.032,4,bot,0.0,0.0,,20828.0,85.22200392927309,72.64747007939329,112.66198282591726,84.2409254088552,72.0,False,False,
P2_MID,8,12,435,273.2253,103.284,342.3705,0.37801471,132.197,4,bot,0.0,0.0,,31337.0,92.33847163004263,74.99220467719368,126.33658727059742,91.43954248366013,72.0,False,False,
P2_MID,8,13,434,305.4442,115.01,376.6527,0.37682457,132.376,4,bot,0.0,0.0,,44957.0,97.97442799461642,78.52949290060852,138.89670014347203,97.70482277745496,72.0,False,False,
P2_MID,8,14,433,337.6629,126.7359,410.9336,0.37502635,132.523,4,bot,0.0,0.0,,48220.0,94.34302271240303,77.25803310613438,127.25689404934687,93.98499659013412,72.0,False,False,
P2_MID,8,15,432,369.8815,138.4616,445.2154,0.37372487,132.635,4,bot,0.0,0.0,,52122.0,102.4383434155421,84.08496070956197,137.9054507879101,101.52555910543131,88.0,False,False,
P2_MID,8,16,431,402.1,150.1879,479.4977,0.37247742,132.732,4,bot,0.0,0.0,,76366.0,118.35256203673865,91.7345683096262,162.8568588469185,117.4745417515275,88.0,False,False,
P2_MID,8,17,430,434.3186,161.9136,513.7798,0.3713115,132.82,4,bot,0.0,0.0,,76175.0,132.00482625482624,102.07226755133148,183.73797227507475,131.54463904314395,88.0,False,False,
P2_MID,8,18,429,466.5371,173.6401,548.0631,0.37022842,132.89,4,bot,0.0,0.0,,52386.0,123.19401970778118,93.19745222929936,175.36253776435046,123.02322308233639,88.0,False,False,
P2_MID,8,19,428,498.7553,185.3661,582.3457,0.36922947,132.95,4,bot,0.0,0.0,,38395.0,121.45774225774225,95.70812972012439,169.68753402286336,120.31722196152042,88.0,False,False,
P2_MID,8,20,427,530.9736,197.0923,616.6285,0.36830877,133.0,4,bot,0.0,0.0,,30148.0,118.13388259526262,95.86447969884378,163.95151515151514,117.30365093499555,88.0,False,False,
P2_MID,8,21,426,253.1154,91.7747,319.4883,0.37886445,132.05,4,bot,0.0,0.0,,23525.0,116.81322718922229,95.3893928820656,157.9103260869565,115.9319659829915,88.0,False,False,
P2_MID,8,22,425,285.3339,103.4937,353.7487,0.37333678,132.261,4,bot,0.0,0.0,,33044.0,112.34861006761834,92.98545653362493,152.89404934687954,112.30553116769096,88.0,False,False,
P2_MID,8,23,424,317.5523,115.2142,388.0194,0.36946648,132.434,4,bot,0.0,0.0,,45467.0,123.89228243021346,97.6032622993949,176.8917495611469,123.348456675344,88.0,False,False,
P2_MID,8,24,423,349.7707,126.9359,422.2987,0.36717223,132.56,4,bot,0.0,0.0,,38787.0,107.44029026660357,88.0649188514357,148.67350242849434,105.98084131611829,88.0,False,False,
P2_MID,8,25,422,381.9891,138.6582,456.5791,0.3652912,132.671,4,bot,0.0,0.0,,50760.0,121.01026560208571,93.73484439647419,170.0377358490566,119.6778672590947,88.0,False,False,
P2_MID,8,26,421,414.2072,150.3811,490.8601,0.3633596,132.76,4,bot,0.0,0.0,,73481.0,113.36768384192096,85.36149068322982,163.07426981919332,113.18688951595398,72.0,False,False,
P2_MID,8,27,420,446.4257,162.1048,525.1471,0.36289483,132.835,4,bot,0.0,0.0,,67474.0,134.51237653944642,104.06577273172164,186.4670996893533,133.25979909395312,88.0,False,False,
P2_MID,8,28,419,478.6436,173.8288,559.4324,0.36213076,132.911,4,bot,0.0,0.0,,39091.0,119.52458673362628,92.61922841396203,170.0053163211058,118.4031339031339,88.0,False,False,
P2_MID,8,29,418,510.862,185.5531,593.7189,0.36166861,132.971,4,bot,0.0,0.0,,32690.0,109.13442235780359,88.34162679425837,155.90514748409484,108.46430305973774,88.0,False,False,
P2_MID,8,30,417,543.08,197.2778,628.004,0.36100254,133.017,4,bot,0.0,0.0,,25987.0,123.04980842911877,99.61986368062317,172.94653812445222,121.70194986072423,88.0,False,False,
P2_MID,8,31,416,220.8966,80.0583,285.2109,0.38246357,131.772,4,bot,0.0,0.0,,22346.0,121.54808072813613,94.5329393359986,173.85886402753871,120.63595302619693,88.0,False,False,
P2_MID,8,32,415,188.6776,68.3451,250.9346,0.38705191,131.381,4,bot,0.0,0.0,,25627.0,90.61098398169337,71.80608793686584,136.32647644326477,89.08370044052863,72.0,False,False,
P2_MID,8,33,414,156.4584,56.6379,216.6622,0.39310746,130.813,4,bot,0.0,0.0,,16190.0,100.53672869735553,78.79159049360146,145.6460431654676,99.74757281553399,72.0,False,False,
P2_MID,8,34,413,124.238,44.9423,182.3929,0.40146264,129.909,4,bot,0.0,0.0,,20783.0,79.19357249626307,71.42713004484305,106.77853881278538,78.65670712729536,72.0,False,False,
P2_MID,8,35,412,426.2817,150.5609,502.2549,0.35957521,132.795,4,bot,0.0,0.0,,67671.0,126.6164831175118,96.36667014287204,177.9302846178446,126.30133729569094,88.0,False,False,
P2_MID,8,36,411,458.5021,162.2831,536.5341,0.3580304,132.869,4,bot,0.0,0.0,,50390.0,141.77917981072557,110.27410931878845,196.57976653696497,141.76549663928304,104.0,False,False,
P2_MID,8,37,410,490.7221,174.0057,570.8168,0.35680237,132.933,4,bot,0.0,0.0,,33796.0,124.80881729546418,99.85112953031042,172.84556407447974,124.42375296912114,88.0,False,False,
P2_MID,8,38,409,522.9418,185.7294,605.1006,0.35581021,132.98,4,bot,0.0,0.0,,26998.0,117.4675615212528,96.01590457256461,162.86599817684595,116.56822429906542,88.0,False,False,
P2_MID,8,39,408,555.1616,197.4525,636.4389,0.35518893,133.034,4,bot,0.0,0.0,,18280.0,88.89438202247192,74.02220620043259,122.77987421383648,87.38088578088579,72.0,False,False,
P2_MID,8,40,407,394.0613,138.8397,467.9663,0.36029294,132.7,4,bot,0.0,0.0,,50835.0,121.79439252336448,96.74775074975008,168.78769692423106,120.55393378426486,88.0,False,False,
P2_MID,8,41,406,361.84,127.1193,433.6785,0.3611139,132.6,4,bot,0.0,0.0,,58903.0,99.23728362183755,78.41463713131807,139.89673785496362,98.8309268747089,72.0,False,False,
P2_MID,8,42,405,329.6184,115.4001,399.3897,0.36205298,132.479,4,bot,0.0,0.0,,36876.0,115.51634249047524,93.6603923122647,158.29864253393663,114.8785292186474,88.0,False,False,
P2_MID,8,43,404,297.3957,103.6827,365.1002,0.36313736,132.324,4,bot,0.0,0.0,,28832.0,121.58049221043125,100.61711430356027,164.8928327645051,120.21467688937568,104.0,False,False,
P2_MID,8,44,403,265.1722,91.9671,330.8091,0.36438749,132.126,4,bot,0.0,0.0,,33583.0,94.09332776152667,76.83081628751673,128.59789875835722,93.45197319434102,72.0,False,False,
P2_MID,8,45,402,232.9471,80.2552,296.5154,0.36582263,131.872,4,bot,0.0,0.0,,23027.0,127.32435096943804,102.01843722563652,177.88934426229508,127.30634278002698,104.0,False,False,
P2_MID,8,46,401,200.7195,68.5485,262.2188,0.36740562,131.53,4,bot,0.0,0.0,,21591.0,109.04092003209415,91.01603711066932,149.36663980660757,108.20836189170664,88.0,False,False,
P2_MID,8,47,400,168.4884,56.8501,227.9135,0.36888359,131.03,4,bot,0.0,0.0,,16289.0,110.04430124848973,89.25973736924104,162.23529411764707,109.6586306653809,88.0,False,False,
P2_MID,8,48,399,136.2509,45.167,193.6564,0.37826935,130.267,4,bot,0.0,0.0,,14468.0,96.13822894168466,76.97510652612694,137.37811484290359,96.11257695690414,72.0,False,False,
P2_MID,8,49,398,534.9965,185.8953,616.4724,0.3485753,132.994,4,bot,0.0,0.0,,24195.0,119.16065573770491,96.07964989059082,169.54202898550724,117.70370370370371,88.0,False,False,
P2_MID,8,50,397,502.7736,174.1724,582.1798,0.34829742,132.942,4,bot,0.0,0.0,,32409.0,113.11528694768919,90.53136801071994,158.32378969286827,112.96273564226217,88.0,False,False,
P2_MID,8,51,396,470.5501,162.4503,547.8857,0.34793922,132.885,4,bot,0.0,0.0,,42629.0,116.38626781770729,89.60884265279584,163.48780487804876,115.71185864763846,88.0,False,False,
P2_MID,8,52,395,438.326,150.7284,513.5904,0.3474698,132.823,4,bot,0.0,0.0,,55463.0,134.65605306799335,105.26941932672405,187.7500988533017,133.05618543713783,104.0,False,False,
P2_MID,8,53,394,406.1005,139.0076,479.2937,0.34684353,132.734,4,bot,0.0,0.0,,52751.0,118.24358974358975,90.39859562164395,168.9383783783784,117.24282296650718,88.0,False,False,
P2_MID,8,54,393,373.874,127.288,444.9938,0.34599438,132.639,4,bot,0.0,0.0,,41930.0,112.41836141778036,90.10299704516673,156.41864268192967,112.34861200774694,88.0,False,False,
P2_MID,8,55,392,341.646,115.5698,410.6915,0.34480407,132.522,4,bot,0.0,0.0,,45467.0,106.8986573478021,79.54824445034049,198.61400359066425,105.87185152452497,72.0,False,False,
P2_MID,8,56,391,309.4155,103.8532,376.3839,0.34308369,132.369,4,bot,0.0,0.0,,30366.0,110.83234161708086,91.9930146256276,152.87068461088356,110.67724028548771,88.0,False,False,
P2_MID,8,57,390,277.1825,92.1395,342.0808,0.3429542,132.196,4,bot,0.0,0.0,,30200.0,106.1550268610898,86.97086603698284,143.86654309545878,105.43731150366222,88.0,False,False,
P2_MID,8,58,389,547.0273,186.0523,627.8358,0.34002979,133.018,4,bot,0.0,0.0,,29985.0,99.3621052631579,77.91691542288558,150.8535489667565,99.4033031433138,72.0,False,False,
P2_MID,8,59,388,514.8001,174.329,593.5378,0.33901652,132.972,4,bot,0.0,0.0,,24713.0,110.3510169846928,91.72565003513704,152.08781226343677,109.93704092339979,88.0,False,False,
P2_MID,8,60,387,482.5717,162.6066,559.2382,0.33777609,132.906,4,bot,0.0,0.0,,34850.0,104.77448237269166,82.97136408520242,144.4313725490196,103.34540911930043,72.0,False,False,
P2_MID,8,61,386,450.3415,150.885,524.9369,0.33622604,132.842,4,bot,0.0,0.0,,52521.0,128.01563610518835,98.5239717055279,178.25493994575746,128.0096006982326,88.0,False,False,
P2_MID,8,62,385,418.1098,139.1638,490.6375,0.33549703,132.764,4,bot,0.0,0.0,,55663.0,117.9584962406015,90.65052175625124,165.7711375212224,117.18910424305919,88.0,False,False,
P2_MID,8,63,384,559.0359,186.2003,636.6766,0.33940585,133.035,4,bot,0.0,0.0,,13974.0,94.72377532700693,80.38779174147217,135.2393026941363,94.19971056439942,88.0,False,False,
P2_MID,9,0,511,517.5066,230.142,617.0077,0.42878126,133.005,4,top,0.0,0.0,,33681.0,129.59038901601832,106.22222222222223,196.71121718377086,129.41116751269035,104.0,False,False,
P2_MID,9,1,510,465.3043,206.9018,559.8635,0.42979372,132.904,4,top,2155.0,1184.0,0.5494199535962877,106313.0,121.97535494240557,100.96917917598212,166.55582440373314,120.41867520647227,104.0,False,True,0.01071801978512841
P2_MID,9,2,509,413.1015,183.6627,502.7201,0.43103635,132.79,4,top,27295.0,17275.0,0.6328997984978934,161528.0,156.60313075506446,123.77314392141109,215.1788079470199,156.03865771812082,120.0,False,True,0.002917549551582548
P2_MID,9,3,508,497.5873,218.6703,594.1517,0.42878987,132.962,4,top,0.0,0.0,,26625.0,141.1240560949299,116.79364464251114,201.84942084942085,140.60598345003183,120.0,False,False,
P2_MID,9,4,507,360.8991,160.4241,445.5717,0.43145955,132.633,4,top,0.0,0.0,,64185.0,128.82439435940702,111.19556205803462,173.32992327365727,128.71028037383178,104.0,False,False,
P2_MID,9,5,506,445.3834,195.432,536.9981,0.42824079,132.865,4,top,6758.0,3566.0,0.5276709085528263,128856.0,159.29285205106603,131.03053931124106,216.46621490803486,159.1888195063931,120.0,False,True,0.006072881818454938
P2_MID,9,6,505,529.8633,230.433,628.4074,0.42301024,133.02,4,top,0.0,0.0,,23163.0,154.4113980409617,124.18695471541338,243.66346153846152,153.64133738601825,120.0,False,False,
P2_MID,9,7,504,308.6966,137.1869,388.42,0.4317478,132.432,4,top,0.0,0.0,,23141.0,133.37047353760445,110.94066770454938,205.5834564254062,132.42491803278688,104.0,False,False,
P2_MID,9,8,503,393.1792,172.1946,479.8486,0.42861317,132.73,4,top,28816.0,13019.0,0.4517976124375347,113246.0,142.7227572225038,118.7960614152203,194.80127912288717,142.38357921744708,120.0,False,True,0.002931740856568348
P2_MID,9,9,502,477.6574,207.1948,571.2589,0.42297927,132.932,4,top,0.0,0.0,,52064.0,164.771714066103,136.01326406543606,223.1918475852902,164.238989416183,136.0,False,False,
P2_MID,9,10,501,256.494,113.9519,331.2799,0.43547926,132.122,4,top,0.0,0.0,,16204.0,145.3957996768982,117.68243031631694,252.38162544169612,145.2220650636492,120.0,False,False,
P2_MID,9,11,500,340.9745,148.9585,422.6973,0.42893471,132.569,4,top,0.0,0.0,,29452.0,138.70584778136939,115.05646572292031,210.40816326530611,137.62942008486564,120.0,False,False,
P2_MID,9,12,499,425.4505,183.9581,514.1045,0.42224705,132.814,4,top,13782.0,8485.0,0.6156581047743434,150515.0,162.04821909825915,127.83594345212902,224.58931185944363,161.73558819898778,120.0,False,True,0.004143549595530051
P2_MID,9,13,498,509.9245,218.9535,605.5109,0.41633744,132.988,4,top,0.0,0.0,,24617.0,147.89469548133596,124.29067930489731,206.44865403788634,147.42265193370164,120.0,False,False,
P2_MID,9,14,497,288.7689,125.7253,365.5676,0.43329878,132.325,4,top,0.0,0.0,,24416.0,142.86369426751594,115.52641878669276,240.62135922330097,142.51457119067445,104.0,False,False,
P2_MID,9,15,496,373.2427,160.7225,456.9612,0.42361489,132.675,4,top,0.0,0.0,,64904.0,160.87614678899084,138.22562919747642,214.47586790855206,160.7365630272355,136.0,False,False,
P2_MID,9,16,495,457.7147,195.7159,548.3633,0.41652741,132.895,4,top,2105.0,1517.0,0.7206650831353919,119842.0,149.09550956657557,120.61570074253957,199.80276693863073,148.2712752029327,120.0,False,True,0.00977919943594592
P2_MID,9,17,494,542.1859,230.708,636.8928,0.41175612,133.033,4,top,0.0,0.0,,14879.0,148.24586913417053,123.38113656649807,221.61758241758238,147.40976645435245,120.0,False,False,
P2_MID,9,18,493,204.2918,90.7201,274.1432,0.44121948,131.657,4,top,0.0,0.0,,14615.0,145.8919298245614,118.82703777335985,201.47049924357034,145.6724565756824,120.0,False,False,
P2_MID,9,19,492,321.033,137.4891,399.8195,0.42554056,132.482,4,top,0.0,0.0,,0.0,,,,,,False,False,
P2_MID,9,20,491,405.5031,172.48,491.211,0.41621153,132.761,4,top,19195.0,17005.0,0.885907788486585,216553.0,158.34995632824524,124.95145563205536,212.60262612301315,158.33030303030304,104.0,False,True,0.0022947120746098877
P2_MID,9,21,490,489.9731,207.47,582.6228,0.41110795,132.948,4,top,0.0,0.0,,62324.0,142.79893899204245,115.01565151800868,190.7103707684041,142.62704669496665,104.0,False,False,
P2_MID,9,22,489,236.5619,102.496,308.4025,0.43307283,131.956,4,top,0.0,0.0,,37249.0,129.72431444241315,111.60167539267016,165.19152276295134,129.41155342711764,104.0,False,False,
P2_MID,9,23,488,152.0896,67.4964,216.9946,0.44714416,130.813,4,top,0.0,0.0,,0.0,,,,,,False,False,
P2_MID,9,24,487,522.2268,219.2207,616.8913,0.40754471,132.998,4,top,0.0,0.0,,56299.0,152.47297112358012,130.14593585610046,193.37764744216358,151.28033866415805,120.0,False,False,
P2_MID,9,25,486,437.7578,184.2333,525.472,0.41102263,132.841,4,top,1603.0,25.0,0.015595757953836557,14879.0,150.70388793015937,144.66226779007206,156.74550807024667,151.2064600611087,152.0,False,True,0.0030947332443726494
P2_MID,9,26,485,353.2891,149.2459,434.0562,0.41580497,132.599,4,top,0.0,0.0,,22390.0,131.13015873015874,122.12908515872087,138.23809523809524,129.930494371023,136.0,False,False,
P2_MID,9,27,484,268.8204,114.2595,342.6535,0.42440302,132.193,4,top,0.0,0.0,,0.0,,,,,,False,False,
P2_MID,9,28,483,184.3524,79.2749,251.2362,0.43389969,131.391,4,top,0.0,0.0,,6715.0,122.65841584158416,107.77553704515563,199.704,117.52405388069275,104.0,False,False,
P2_MID,9,29,482,470.0076,195.9825,559.7346,0.40623825,132.911,4,top,0.0,0.0,,14303.0,122.21631530705774,109.1069873997709,167.01608040201006,117.19384902143523,104.0,False,False,
P2_MID,9,30,481,385.5391,160.998,468.3114,0.40925616,132.706,4,top,1475.0,38.0,0.02576271186440678,10474.0,110.10558272895935,103.03929836397369,159.3530395984384,103.56166365280289,104.0,False,True,0.004125077876351545
P2_MID,9,31,480,110.37,48.8092,171.124,0.42762377,144.013,4,top,0.0,0.0,,4931.0,126.13371675053918,119.04385334291877,212.726403823178,119.73711137347502,120.0,False,False,
P2_MID,9,32,479,502.2533,207.729,594.0039,0.40268428,132.96,4,top,0.0,0.0,,26905.0,118.96836069846233,113.35876987229607,124.57795152462862,117.58989797625021,120.0,False,False,
P2_MID,9,33,478,301.0708,126.0152,376.8862,0.41328435,132.379,4,top,0.0,0.0,,2656.0,121.12265193370166,109.08374384236453,230.0497512437811,116.59176863181312,120.0,False,False,
P2_MID,9,34,477,417.7845,172.7454,502.5742,0.40435951,132.796,4,top,5966.0,159.0,0.026651022460610123,1973.0,165.41935483870967,120.89740698985344,258.7,164.66666666666669,120.0,False,True,0.0020852090524033726
P2_MID,9,35,476,534.4961,219.4728,628.2759,0.3999285,133.016,4,top,0.0,0.0,,6039.0,120.85605095541402,105.34468085106383,184.56883852691217,116.5437908496732,104.0,False,False,
P2_MID,9,36,475,216.603,91.037,285.4729,0.4216318,131.773,4,top,0.0,0.0,,1710.0,145.90476190476193,104.84864165588615,272.31999999999994,145.42857142857144,104.0,False,False,
P2_MID,9,37,474,333.3152,137.765,411.1436,0.40667697,132.519,4,top,0.0,0.0,,0.0,,,,,,False,False,
P2_MID,9,38,473,450.026,184.4902,536.8419,0.40076595,132.866,4,top,0.0,0.0,,3081.0,126.3803967327888,119.1901983663944,229.45454545454547,127.17869822485207,120.0,False,False,
P2_MID,9,39,472,248.8458,102.7896,319.7227,0.41293591,132.053,4,top,0.0,0.0,,4952.0,166.89664340312396,160.31372549019608,173.47956131605184,167.64627855563742,168.0,False,False,
P2_MID,9,40,471,365.5552,149.5104,445.4081,0.40219162,132.637,4,top,0.0,0.0,,1402.0,200.94117647058823,108.13852813852813,294.06060606060606,202.9579831932773,104.0,False,False,
P2_MID,9,41,470,482.2646,196.2323,571.1112,0.39740381,132.927,4,top,0.0,0.0,,1224.0,175.2,105.77955911823648,324.0,173.33333333333334,104.0,False,False,
P2_MID,9,42,469,132.1373,56.0728,194.0145,0.42428478,130.257,4,top,0.0,0.0,,1526.0,136.88888888888889,105.46356589147287,307.75,139.2,104.0,False,False,
P2_MID,9,43,468,514.5007,207.9728,605.3846,0.39487978,132.985,4,top,0.0,0.0,,1508.0,152.47058823529414,120.64183381088826,271.5,148.5,120.0,False,False,
P2_MID,9,44,467,397.7919,161.253,479.6778,0.39872707,132.732,4,top,6676.0,120.0,0.017974835230677052,1400.0,142.51162790697674,104.65533230293663,298.3111111111111,142.1176470588235,104.0,False,True,0.0016260563939209992
P2_MID,9,45,466,281.0835,114.5361,353.9704,0.40415423,132.26,4,top,0.0,0.0,,1757.0,126.87407407407407,119.43703703703704,271.25,124.1726618705036,120.0,False,False,
P2_MID,9,46,465,546.7347,219.7111,636.5119,0.39269264,133.031,4,top,0.0,0.0,,7767.0,110.05747906766237,103.02692916949536,155.5920745920746,109.9887535145267,104.0,False,False,
P2_MID,9,47,464,430.0258,172.9925,513.9483,0.39567519,132.811,4,top,0.0,0.0,,949.0,235.2820512820513,106.9080459770115,366.46153846153845,237.03225806451613,104.0,False,False,
P2_MID,9,48,463,164.3761,67.8288,228.2752,0.41708583,131.037,4,top,0.0,0.0,,1714.0,144.44444444444446,104.71156289707751,263.79220779220776,144.2962962962963,104.0,False,False,
P2_MID,9,49,462,313.3171,126.278,388.2302,0.39818241,132.439,4,top,0.0,0.0,,6976.0,148.69354439772445,125.38816199376947,155.59534998763294,147.6117244004568,152.0,False,False,
P2_MID,9,50,461,462.2575,184.7307,548.2195,0.39246467,132.884,4,top,0.0,0.0,,3928.0,110.67725361980384,103.33862680990191,141.19298245614036,111.3376987839102,104.0,False,False,
P2_MID,9,51,460,345.5482,138.0173,422.5073,0.39617858,132.563,4,top,0.0,0.0,,1533.0,194.18685121107268,121.93504273504274,262.375,193.4562211981567,120.0,False,False,
P2_MID,9,52,459,494.4877,196.4671,582.493,0.39011819,132.949,4,top,0.0,0.0,,3465.0,160.82334869431642,116.62439024390244,182.5139116202946,163.94117647058823,120.0,False,False,
P2_MID,9,53,458,196.6092,79.5745,262.5279,0.40824674,131.527,4,top,0.0,0.0,,1176.0,202.3111111111111,110.74608150470219,360.21621621621625,204.67532467532467,104.0,False,False,
P2_MID,9,54,457,526.7163,208.2026,616.7684,0.38800692,133.001,4,top,0.0,0.0,,2016.0,160.55384615384617,105.8026796589525,176.9142857142857,160.60251046025104,104.0,False,False,
P2_MID,9,55,456,377.7769,149.7542,456.7782,0.39296289,132.679,4,top,0.0,0.0,,3647.0,127.45945945945945,114.31711711711712,174.92009685230025,119.83561643835617,120.0,False,False,
P2_MID,9,56,455,228.8381,91.3143,296.7876,0.40143896,131.873,4,top,0.0,0.0,,6540.0,133.62777916562578,121.16007532956685,140.16287784161878,131.44149098686222,136.0,False,False,
P2_MID,9,57,454,410.0043,161.4895,491.0474,0.38951396,132.77,4,top,16.0,0.0,0.0,598.0,379.42857142857144,201.68421052631578,467.7894736842105,379.42857142857144,104.0,False,False,0.0
P2_MID,9,58,453,261.0647,103.051,331.0554,0.39683326,132.134,4,top,0.0,0.0,,918.0,221.41935483870967,110.688,366.62068965517244,220.66666666666666,104.0,False,False,
P2_MID,9,59,452,442.2302,173.2231,525.3226,0.38712481,132.837,4,top,0.0,0.0,,963.0,188.00000000000003,105.30434782608695,373.30232558139534,183.41176470588235,104.0,False,False,
P2_MID,9,60,451,293.2894,114.7849,365.3304,0.39367364,132.313,4,top,0.0,0.0,,427.0,439.4074074074074,383.09090909090907,533.6,437.55555555555554,1016.0,False,False,
P2_MID,9,61,450,474.4551,184.9561,559.5948,0.38449843,132.91,4,top,0.0,0.0,,2636.0,111.5261958997722,103.52012148823083,156.14147909967846,103.8105423987777,104.0,False,False,
P2_MID,9,62,449,325.513,126.5175,399.602,0.3901886,132.478,4,top,0.0,0.0,,3381.0,107.08830548926014,99.01909307875896,144.13836477987422,101.57743097238895,104.0,False,False,
P2_MID,9,63,448,506.6791,196.688,593.8713,0.38240503,132.969,4,top,0.0,0.0,,1140.0,157.71428571428572,104.23188405797102,325.10638297872345,158.0,104.0,False,False,
P2_MID,10,0,575,310.9691,158.9452,400.0437,0.47913203,132.47,5,bot,0.0,0.0,,57609.0,80.62665222101842,65.8851470218648,111.3103925298288,80.52754469171835,72.0,False,False,
P2_MID,10,1,574,402.8835,205.1091,502.9053,0.47670645,132.795,5,bot,25871.0,21963.0,0.848942831742105,268080.0,115.60043608612702,87.4825816905212,163.81471539679262,115.31888700458514,72.0,False,True,0.0022264004667047507
P2_MID,10,2,573,494.7985,251.2725,605.7661,0.47508474,132.99,5,bot,0.0,0.0,,127206.0,95.65647607934656,73.52150356835931,133.76207422470767,95.59604829857301,72.0,False,False,
P2_MID,10,3,572,291.1408,147.5139,377.1784,0.47809878,132.373,5,bot,0.0,0.0,,50619.0,95.79994660496574,78.24422535211268,129.2193475815523,95.74593128390596,72.0,False,False,
P2_MID,10,4,571,383.0551,193.6743,480.0419,0.47560483,132.733,5,bot,30224.0,23958.0,0.7926813128639492,238503.0,97.81782496208403,77.11061628354736,134.88804936405992,97.57141388174807,72.0,False,True,0.0023318068012988867
P2_MID,10,5,570,474.9701,239.835,582.9013,0.4731963,132.955,5,bot,0.0,0.0,,219449.0,115.9262027833002,87.53062050499705,164.8837887775941,115.47445460942998,72.0,False,False,
P2_MID,10,6,569,199.2298,101.3555,274.3062,0.48194867,131.656,5,bot,0.0,0.0,,28766.0,71.20795503674881,55.68074926193627,107.70500438981563,70.23485415108452,56.0,False,False,
P2_MID,10,7,568,271.3081,136.0823,354.3101,0.47625445,132.263,5,bot,0.0,0.0,,40406.0,94.83237142490701,76.33657370517929,139.60776088096486,94.55262321144674,72.0,False,False,
P2_MID,10,8,567,363.2228,182.2385,457.1716,0.472062,132.669,5,bot,0.0,0.0,,188111.0,99.11840186643336,78.93210390559945,136.64765437823633,98.8357753762514,72.0,False,False,
P2_MID,10,9,566,455.1383,228.397,560.0348,0.4707265,132.906,5,bot,2700.0,931.0,0.3448148148148148,230120.0,112.71076214047964,86.42777588956574,164.60032362459546,112.62061256427454,72.0,False,True,0.009147303960205166
P2_MID,10,10,565,179.3944,89.9328,251.427,0.47755332,131.385,5,bot,0.0,0.0,,29636.0,85.04343698077379,69.90076811293336,124.48662291771834,84.15812133072407,72.0,False,False,
P2_MID,10,11,564,435.3034,216.9582,537.1713,0.46968323,132.866,5,bot,23456.0,21366.0,0.9108969986357435,312520.0,125.57115160915083,88.57976164038789,187.26664676022696,125.26661818181817,72.0,False,True,0.001860175095546239
P2_MID,10,12,563,527.2203,263.1166,636.8739,0.46850591,133.028,5,bot,0.0,0.0,,44541.0,100.48281850886987,86.82328616656974,131.8322762508809,99.74699294898382,88.0,False,False,
P2_MID,10,13,562,343.3865,170.8021,434.3055,0.47053923,132.603,5,bot,0.0,0.0,,168584.0,82.00584920465083,65.69189101599574,111.51576514609586,81.6745072351575,72.0,False,False,
P2_MID,10,14,561,251.4687,124.6507,331.4331,0.47174457,132.122,5,bot,0.0,0.0,,72107.0,61.50350786792976,50.071108644813506,92.75894349715814,59.50114285714286,56.0,False,False,
P2_MID,10,15,560,507.3833,251.6753,617.1677,0.46669874,133.001,5,bot,0.0,0.0,,92561.0,93.69549641760491,72.19298070192981,133.3438874230431,93.2048417132216,72.0,False,False,
P2_MID,10,16,559,415.4646,205.5186,514.3033,0.467269,132.819,5,bot,24002.0,22041.0,0.9182984751270727,307700.0,132.97987236131567,95.92398950131233,195.42748815165876,132.37009544008484,88.0,False,True,0.00176800421884548
P2_MID,10,17,558,159.5497,78.5123,228.5525,0.47654011,131.035,5,bot,0.0,0.0,,23533.0,87.62171162171163,66.90608344054402,135.64981949458485,86.70023419203747,72.0,False,False,
P2_MID,10,18,557,323.5446,159.3648,411.4345,0.46754182,132.519,5,bot,0.0,0.0,,86340.0,86.27465486491842,70.27168169101648,119.41869441181406,85.52279069767442,72.0,False,False,
P2_MID,10,19,556,487.5426,240.2333,594.2998,0.46415152,132.967,5,bot,0.0,0.0,,173636.0,107.30684864733122,81.20364050056882,152.16765341603232,106.67625103677081,72.0,False,False,
P2_MID,10,20,555,231.6214,113.2187,308.5556,0.46771551,131.964,5,bot,0.0,0.0,,46807.0,64.15379883112888,56.01937004499678,98.35878102419102,64.12950012950013,56.0,False,False,
P2_MID,10,21,554,395.621,194.0778,491.4316,0.46353809,132.765,5,bot,43632.0,39125.0,0.8967042537587092,293890.0,123.06418515867334,91.4251621015261,175.7095025894255,122.39175816727668,72.0,False,True,0.001457012485680321
P2_MID,10,22,553,303.6962,147.927,388.5614,0.46417088,132.425,5,bot,0.0,0.0,,0.0,,,,,,False,False,
P2_MID,10,23,552,467.6979,228.7903,571.4307,0.4613699,132.928,5,bot,0.0,0.0,,231766.0,141.98109045067758,107.58281068524971,203.87629704984744,141.56657169990504,88.0,False,False,
P2_MID,10,24,551,139.6894,67.0966,205.6631,0.47148816,130.567,5,bot,0.0,0.0,,355030.0,69.61645636797124,63.977768026912386,75.24073854050329,66.84153916437576,72.0,False,False,
P2_MID,10,25,550,375.772,182.6364,468.559,0.45995452,132.7,5,bot,9825.0,8618.0,0.8771501272264631,245111.0,97.63854458216713,72.93733259727249,141.20370939016152,97.41253518699374,72.0,False,True,0.0033117537851018075
P2_MID,10,26,549,211.7641,101.7869,285.6728,0.46293946,131.766,5,bot,0.0,0.0,,20174.0,105.23356009070294,81.44269081500647,149.389898989899,104.45829823083403,72.0,False,False,
P2_MID,10,27,548,447.8485,217.3458,548.5628,0.45866452,132.884,5,bot,25664.0,13023.0,0.507442331670823,178267.0,77.03518944702297,67.86731637074274,96.95197114471935,75.40307790447334,72.0,False,True,0.0031207552948729843
P2_MID,10,28,547,519.9252,252.0558,628.5655,0.45797396,133.027,5,bot,0.0,0.0,,75839.0,119.31533646322379,94.83784105802454,161.42186234817814,118.34798845696825,88.0,False,False,
P2_MID,10,29,546,283.8403,136.488,365.6792,0.45846911,132.322,5,bot,0.0,0.0,,52776.0,91.94683071514885,73.78403983966962,130.70232230823362,90.99239956568947,72.0,False,False,
P2_MID,10,30,545,355.917,171.1932,445.6877,0.45725139,132.634,5,bot,0.0,0.0,,172857.0,98.49682332978178,78.17424290055538,134.46487915407855,98.03368475186423,72.0,False,False,
P2_MID,10,31,544,427.994,205.9001,525.6925,0.45586576,132.835,5,bot,12646.0,11210.0,0.8864463071326901,299855.0,153.3954670273372,110.50422209712305,224.31650903642662,152.52925359295318,88.0,False,True,0.0028213064389425464
P2_MID,10,32,543,500.0709,240.6084,605.696,0.4551474,132.987,5,bot,0.0,0.0,,100534.0,104.87411444141689,79.82404523455844,148.28992248062016,103.4946496375561,72.0,False,False,
P2_MID,10,33,542,191.8934,90.3556,262.7832,0.45710851,131.527,5,bot,0.0,0.0,,19468.0,105.16510454217736,82.15417106652588,147.9760479041916,104.78538812785388,72.0,False,False,
P2_MID,10,34,541,263.9748,125.0482,342.7984,0.4536877,132.204,5,bot,0.0,0.0,,48305.0,90.1710507402616,70.89855072463769,133.28137817883513,89.36952256376716,72.0,False,False,
P2_MID,10,35,540,408.1335,194.453,502.8218,0.45321524,132.792,5,bot,36760.0,33153.0,0.9018770402611535,280674.0,147.8785826171627,108.88270425226946,211.86384026739378,147.39343655085563,104.0,False,True,0.0015515695001482865
P2_MID,10,36,539,480.2117,229.1595,582.8259,0.45237671,132.947,5,bot,0.0,0.0,,183111.0,123.1971319026042,92.16763299766046,174.09496996996995,122.33011991535388,88.0,False,False,
P2_MID,10,37,538,336.0544,159.7486,422.8108,0.45285092,132.565,5,bot,0.0,0.0,,108338.0,89.51735099337748,73.4222114832825,120.92815019857986,87.82801946401337,72.0,False,False,
P2_MID,10,38,537,119.8071,55.688,182.8116,0.4752523,129.907,5,bot,0.0,0.0,,17251.0,84.64333333333333,71.56559766763849,126.74350649350649,84.35993740219092,72.0,False,False,
P2_MID,10,39,536,388.2657,183.0042,479.9491,0.45024862,132.738,5,bot,40850.0,34510.0,0.8447980416156671,250099.0,108.01362841821468,81.11410269242319,153.81114996914215,107.58614355071514,72.0,False,True,0.0017915503464234286
P2_MID,10,40,535,460.3467,217.7091,559.9562,0.4498317,132.907,5,bot,3270.0,2423.0,0.7409785932721713,374712.0,77.81532746507308,59.194168521367644,115.80615322742811,77.42344470265533,56.0,False,True,0.0076611997045313435
P2_MID,10,41,534,532.4268,252.4152,637.0407,0.44944227,133.034,5,bot,0.0,0.0,,52437.0,89.70611519508846,75.18870153581786,116.37512639029322,88.5925080813843,72.0,False,False,
P2_MID,10,42,533,316.1831,148.3025,399.933,0.44916351,132.48,5,bot,0.0,0.0,,78985.0,87.04830362277171,70.29902048085485,121.39459864966241,85.99510882856444,72.0,False,False,
P2_MID,10,43,532,244.0974,113.6066,319.9058,0.44582366,132.046,5,bot,0.0,0.0,,36987.0,88.98688,70.69262752256364,127.04500703234882,86.96009913258983,72.0,False,False,
P2_MID,10,44,531,172.0044,78.9249,239.8734,0.44653117,131.224,5,bot,0.0,0.0,,17212.0,121.26700507614213,93.80961477236549,173.66125290023203,120.46363636363637,88.0,False,False,
P2_MID,10,45,530,512.5581,240.9619,617.0909,0.44676582,133.007,5,bot,0.0,0.0,,72950.0,95.82058618822984,74.79818702290076,137.57532409476977,95.77580208735988,72.0,False,False,
P2_MID,10,46,529,440.4752,206.2563,537.0817,0.44607034,132.868,5,bot,15385.0,12928.0,0.8402989925251869,270219.0,111.42748200210569,83.01313854535812,161.24505052164628,111.37289614761252,72.0,False,True,0.0029533981539230183
P2_MID,10,47,528,368.39,171.5535,457.0653,0.4442376,132.674,5,bot,0.0,0.0,,177634.0,103.184988930425,82.70760613054641,139.7591143911439,102.37290754571208,88.0,False,False,
P2_MID,10,48,527,296.301,136.8547,377.0409,0.44026437,132.386,5,bot,0.0,0.0,,46199.0,95.10244729314546,76.88580906745301,138.98313659359192,94.93701380175659,72.0,False,False,
P2_MID,10,49,526,492.683,229.5066,594.2195,0.44372754,132.966,5,bot,0.0,0.0,,101065.0,107.35988700564971,82.68905173356666,152.62438682550805,106.9559342852756,72.0,False,False,
P2_MID,10,50,525,224.2045,102.1643,297.0092,0.4380726,131.873,5,bot,0.0,0.0,,21416.0,103.25641782236649,84.85344040883373,138.73887814313346,102.47157894736843,88.0,False,False,
P2_MID,10,51,524,420.5957,194.8022,514.201,0.44061755,132.825,5,bot,22785.0,20292.0,0.8905859117840684,277571.0,140.01831444979047,103.15258314789199,202.53425582180222,139.47827619635146,88.0,False,True,0.0020679975347263637
P2_MID,10,52,523,348.5044,160.1005,434.1793,0.43695418,132.602,5,bot,0.0,0.0,,149692.0,77.57637825953859,61.47103481294029,104.3728652105872,76.998414558489,56.0,False,False,
P2_MID,10,53,522,276.4057,125.4044,354.151,0.43408125,132.259,5,bot,0.0,0.0,,61618.0,85.15559224102353,66.7182156133829,121.85050136736555,84.72376630743051,72.0,False,False,
P2_MID,10,54,521,472.8009,218.0495,571.3375,0.43785682,132.924,5,bot,0.0,0.0,,192170.0,86.00577293136627,59.35762706847044,128.32354703415217,85.55915095739944,56.0,False,False,
P2_MID,10,55,520,400.7076,183.3456,491.3176,0.43415054,132.763,5,bot,33929.0,30391.0,0.8957234224409797,258001.0,100.528962667227,71.56335795967132,148.83033586132177,100.03519720419371,56.0,False,True,0.001659185027385522
P2_MID,10,56,519,328.6075,148.6451,411.2975,0.43333234,132.517,5,bot,0.0,0.0,,77386.0,98.16414230362804,81.4400163498876,136.5207829338025,97.83732057416267,88.0,False,False,
P2_MID,10,57,518,525.0057,241.2954,628.4762,0.4359027,133.019,5,bot,0.0,0.0,,48582.0,97.09933157158402,77.73616140713916,139.70513315322268,96.9293035479632,72.0,False,False,
P2_MID,10,58,517,452.9108,206.5899,548.4583,0.43230306,132.888,5,bot,15003.0,855.0,0.05698860227954409,544.0,67.49090909090908,57.22033898305085,85.89473684210525,66.07194244604317,56.0,False,True,0.0018926199734526088
P2_MID,10,59,516,380.8094,171.8864,468.4374,0.43056115,132.706,5,bot,5511.0,356.0,0.06459807657412447,51.0,71.84,67.76,75.92,75.25581395348837,72.0,False,True,0.003311263311929528
P2_MID,10,60,515,433.0117,195.1277,525.5807,0.4292874,132.849,5,bot,7993.0,370.0,0.04629050419116727,205.0,152.0,60.42424242424242,1009.3571428571429,150.0,56.0,False,True,0.002350169049100784
P2_MID,10,61,514,505.1138,229.8337,605.5978,0.42974156,132.988,5,bot,0.0,0.0,,71962.0,95.649164520177,77.4518696500976,135.32802994852597,95.5755832534356,72.0,False,False,
P2_MID,10,62,513,485.2135,218.3691,582.7228,0.42794619,132.95,5,bot,0.0,0.0,,520.0,59.0096463022508,52.32154340836013,76.27906976744185,55.541850220264315,56.0,False,False,
P2_MID,10,63,512,537.4159,241.6109,637.3213,0.43499129,133.036,5,bot,0.0,0.0,,33859.0,74.42848342983861,59.63564492566813,102.93598615916956,71.97212281032209,56.0,False,False,
P2_MID,11,0,639,510.3199,294.5593,637.5358,0.51844433,133.041,5,top,0.0,0.0,,30536.0,77.41926660398325,66.97871612958373,103.05459985041138,76.28908554572271,72.0,False,False,
P2_MID,11,1,638,470.731,271.7025,594.4374,0.52367274,132.963,5,top,0.0,0.0,,73665.0,123.14831130690162,89.41509254864737,180.21656461488882,122.76311239193083,72.0,False,False,
P2_MID,11,2,637,450.9364,260.2742,571.5791,0.52367604,132.931,5,top,0.0,0.0,,110632.0,137.09521126760563,94.29328165374677,204.94876280929768,136.0580611715915,72.0,False,False,
P2_MID,11,3,636,431.1417,248.8462,548.7207,0.52259618,132.89,5,top,11278.0,10289.0,0.9123071466572087,208395.0,129.10978342046303,88.90617566734208,195.64784422809458,128.98945732993008,72.0,False,True,0.0026634012180924184
P2_MID,11,4,635,411.3474,237.4175,525.8622,0.5219081,132.842,5,top,11883.0,4597.0,0.3868551712530506,137385.0,84.64126203646794,64.16192711209277,122.58327242351467,83.78102311608112,56.0,False,True,0.0044677893612282416
P2_MID,11,5,634,503.3701,283.6772,628.7253,0.51966039,133.023,5,top,0.0,0.0,,63362.0,112.73001255755547,86.18460976055566,160.2541806020067,112.640234948605,72.0,False,False,
P2_MID,11,6,633,351.9643,203.1326,457.2843,0.52369888,132.673,5,top,0.0,0.0,,104458.0,92.88345493985408,74.7361765101574,127.1672370018766,92.17845484221981,72.0,False,False,
P2_MID,11,7,632,483.5741,272.2493,605.8635,0.51848339,132.986,5,top,0.0,0.0,,79974.0,125.30194658216388,93.16967273320819,180.15831134564644,124.81198181331906,88.0,False,False,
P2_MID,11,8,631,312.3758,180.2762,411.5656,0.52227221,132.52,5,top,0.0,0.0,,34685.0,85.2223158604416,72.24609627977262,124.79292403746098,84.17124394184168,72.0,False,False,
P2_MID,11,9,630,463.7775,260.8215,583.0038,0.51790765,132.952,5,top,0.0,0.0,,109926.0,140.04227995653463,101.9337386018237,204.40257314795602,139.48523777327023,88.0,False,False,
P2_MID,11,10,629,443.9808,249.3942,560.1469,0.51848643,132.904,5,top,335.0,317.0,0.9462686567164179,4327651.0,70.30065085945708,64.9103674793224,75.69093423959175,67.16013218886265,72.0,False,False,0.012319658605529128
P2_MID,11,11,628,272.7878,157.4203,365.8455,0.52211296,132.326,5,top,0.0,0.0,,4475.0,87.20557491289199,72.713605082054,137.301775147929,85.31619537275064,72.0,False,False,
P2_MID,11,12,627,424.1838,237.9667,537.2865,0.5178369,132.864,5,top,19177.0,17400.0,0.9073369140115763,275984.0,141.62592268234707,102.24259253608373,205.50261297264063,141.14532143215325,88.0,False,True,0.0020938585305837224
P2_MID,11,13,626,252.9942,145.992,342.985,0.51994743,132.196,5,top,0.0,0.0,,6305.0,62.76580796252927,55.38290398126464,84.68349514563107,62.91619537275064,56.0,False,False,
P2_MID,11,14,625,404.3868,226.5392,514.4259,0.51706526,132.82,5,top,14015.0,12449.0,0.8882625758116304,301049.0,134.51776649746193,97.50845358449264,193.69623059866964,133.81662732087028,88.0,False,True,0.002661175148937537
P2_MID,11,15,624,384.5895,215.1119,491.5663,0.51676386,132.757,5,top,17864.0,844.0,0.04724585759068518,5345.0,76.52785224903187,70.15907059874888,96.78534031413614,73.02870813397129,72.0,False,True,0.0015873874268721609
P2_MID,11,16,623,213.4071,123.1366,297.2648,0.51753169,131.871,5,top,0.0,0.0,,555443.0,129.43549951503394,91.7392145241289,210.3486679386616,129.27746932300659,88.0,False,False,
P2_MID,11,17,622,364.7919,203.6852,468.702,0.51472718,132.706,5,top,5746.0,138.0,0.024016707274625827,8430.0,72.37962037962038,63.920679886685555,83.55260243632337,69.37347853939782,72.0,False,True,0.0020197383566422198
P2_MID,11,18,621,516.1648,284.1931,637.2349,0.50662851,133.037,5,top,0.0,0.0,,47545.0,97.75909902485922,83.24126025032369,130.25123639960435,97.40716326082179,88.0,False,False,
P2_MID,11,19,620,344.9941,192.2579,445.8448,0.5153806,132.637,5,top,0.0,0.0,,10068.0,71.94415565126987,65.96286944898262,77.9254418535571,68.71592311761594,72.0,False,False,
P2_MID,11,20,619,496.3645,272.7647,617.2701,0.50590711,133.004,5,top,0.0,0.0,,75351.0,126.43889211698624,98.92410714285714,179.0051282051282,126.12077407321054,88.0,False,False,
P2_MID,11,21,618,325.1958,180.8313,422.9826,0.51409589,132.563,5,top,0.0,0.0,,4135.0,76.73513513513514,70.34903474903474,100.07523510971785,76.07792207792208,72.0,False,False,
P2_MID,11,22,617,476.5642,261.3363,594.4102,0.50523202,132.972,5,top,0.0,0.0,,122420.0,136.51322299948814,102.009599611155,199.40399757722594,135.6270253745032,88.0,False,False,
P2_MID,11,23,616,173.8214,100.2819,251.5458,0.51278907,131.388,5,top,0.0,0.0,,2825.0,95.67822468793342,80.00554785020805,127.59133126934985,95.33714285714285,88.0,False,False,
P2_MID,11,24,615,456.7627,249.9082,571.5493,0.50450225,132.932,5,top,1.0,0.0,0.0,221434.0,158.45410628019323,114.82159516002402,232.12942675159235,158.3266291230893,104.0,False,False,0.0
P2_MID,11,25,614,305.3971,169.4047,400.1198,0.51250005,132.48,5,top,0.0,0.0,,7716.0,75.92865636147444,69.81212841854935,92.02797202797203,73.77077016373559,72.0,False,False,
P2_MID,11,26,613,436.9609,238.4796,548.6888,0.50327036,132.883,5,top,17846.0,15169.0,0.8499943965034181,251145.0,140.28056468081328,103.3118265899628,207.1370812475934,139.83164179104477,88.0,False,True,0.0026729530363137103
P2_MID,11,27,612,285.5979,157.9788,377.2573,0.51183951,132.379,5,top,0.0,0.0,,3649.0,82.53658536585365,71.53738019169329,121.33999999999999,82.17363344051446,72.0,False,False,
P2_MID,11,28,611,417.1586,227.0515,525.8294,0.50285567,132.843,5,top,12536.0,11113.0,0.88648691767709,283497.0,147.50559933637496,106.45668811171754,214.44456762749445,146.90746474028208,88.0,False,True,0.0028332156497015834
P2_MID,11,29,610,265.7979,146.5533,354.3998,0.51281127,132.259,5,top,0.0,0.0,,4925.0,76.43960826985854,69.29416031918753,101.121387283237,71.86244841815682,72.0,False,False,
P2_MID,11,30,609,397.3555,215.6236,502.9701,0.50245312,132.8,5,top,21234.0,18026.0,0.8489215409249317,290579.0,124.43914399007174,92.71559412485877,176.1080814717477,123.9493147854831,88.0,False,True,0.0024576449614709707
P2_MID,11,31,608,245.9971,135.1281,331.5393,0.51292218,132.124,5,top,0.0,0.0,,10413.0,63.16824471959214,55.58412235979607,75.42100400369571,63.546735463385595,56.0,False,False,
P2_MID,11,32,607,377.5512,204.1957,480.1081,0.50090133,132.737,5,top,19705.0,14017.0,0.7113422989089063,215106.0,114.28870171362185,90.15668246671271,156.9772591262717,113.8903682379753,88.0,False,True,0.0032280679782117788
P2_MID,11,33,606,226.1952,123.7039,308.6759,0.51214774,131.968,5,top,0.0,0.0,,522548.0,55.50470784305385,46.932716075842656,63.58708639617031,52.20263054182925,56.0,False,False,
P2_MID,11,34,605,509.1055,273.251,628.6794,0.49583742,133.025,5,top,0.0,0.0,,85935.0,107.68243551180385,79.96414066369489,155.6050981185515,106.97368421052632,72.0,False,False,
P2_MID,11,35,604,357.7461,192.7676,457.2448,0.4990556,132.667,5,top,0.0,0.0,,176387.0,101.125955573344,80.7736117702895,139.3039481244357,100.29973813200833,72.0,False,False,
P2_MID,11,36,603,489.2988,261.821,605.8185,0.49509531,132.993,5,top,0.0,0.0,,102553.0,123.97557915865184,92.72441475327008,177.17546233649074,123.15017133642411,88.0,False,False,
P2_MID,11,37,602,337.94,181.34,434.3842,0.4992942,132.599,5,top,0.0,0.0,,115917.0,107.78924731182795,88.17406599591922,146.43719153001115,106.75642118076689,88.0,False,False,
P2_MID,11,38,601,469.4907,250.391,582.9573,0.49393123,132.951,5,top,0.0,0.0,,311908.0,90.75027193038582,60.14004086795757,147.44743524631792,89.89296613323408,56.0,False,False,
P2_MID,11,39,600,206.3922,112.2805,285.825,0.51472664,131.772,5,top,0.0,0.0,,154139.0,99.83895034731155,76.49093364987107,168.7053081147041,99.0735324407827,72.0,False,False,
P2_MID,11,40,599,449.6822,238.9607,560.0964,0.49310032,132.906,5,top,533.0,467.0,0.8761726078799249,287165.0,135.0601467422345,94.12704197436143,203.6340914771307,134.68396971965726,72.0,False,True,0.014267227766602752
P2_MID,11,41,598,318.1322,169.9123,411.5216,0.49795991,132.521,5,top,0.0,0.0,,68495.0,105.86267071320182,84.96969696969697,151.85779398359162,104.85424028268551,88.0,False,False,
P2_MID,11,42,597,186.5871,100.8585,262.953,0.51196671,131.525,5,top,0.0,0.0,,415982.0,105.78504198838979,81.55841924398625,164.13644628700268,104.26088990782763,72.0,False,False,
P2_MID,11,43,596,429.8721,227.5304,537.234,0.4913602,132.869,5,top,12822.0,11501.0,0.8969739510216815,299370.0,155.7837596535869,108.41351378716797,239.64331739763043,155.02486304256217,88.0,False,True,0.002684636878328023
P2_MID,11,44,595,298.3225,158.485,388.6581,0.49658507,132.432,5,top,0.0,0.0,,37445.0,123.84811975173422,100.57042822515486,184.3859948761742,122.91640590075995,104.0,False,False,
P2_MID,11,45,594,166.7797,89.4384,240.1019,0.51473793,131.22,5,top,0.0,0.0,,17911.0,125.26912181303116,94.62389640965273,183.10192837465567,124.81848184818482,88.0,False,False,
P2_MID,11,46,593,410.0603,216.0998,514.3706,0.4894264,132.816,5,top,10184.0,8858.0,0.8697957580518461,284782.0,128.4250009808922,94.31993549490556,188.7796636930607,128.39037047715152,88.0,False,True,0.0033347402698864228
P2_MID,11,47,592,521.7991,273.7103,636.9387,0.48757261,133.034,5,top,0.0,0.0,,68171.0,83.90823699421965,68.310812187914,115.52338244714927,83.43919885550787,72.0,False,False,
P2_MID,11,48,591,278.5107,147.0578,365.7878,0.49272724,132.322,5,top,0.0,0.0,,438.0,71.54285714285714,59.450980392156865,93.85365853658536,69.86666666666666,56.0,False,False,
P2_MID,11,49,590,390.247,204.669,491.5081,0.48830209,132.763,5,top,18141.0,14435.0,0.7957113720302078,262549.0,113.00551237716985,86.5143816741302,159.70491598475857,112.83110708625765,88.0,False,True,0.002993431101373284
P2_MID,11,50,589,501.9848,262.2779,617.2257,0.48597998,133.0,5,top,0.0,0.0,,87375.0,109.81724347298118,86.51416270111035,153.0892058760911,109.3629194938566,88.0,False,False,
P2_MID,11,51,588,370.4316,193.2386,468.6464,0.48768374,132.7,5,top,4846.0,4294.0,0.8860916219562526,248925.0,107.33417791242083,82.15645662013887,152.2349654462579,106.63839483511615,72.0,False,True,0.004563787812138072
P2_MID,11,52,587,482.1687,250.8449,594.3642,0.48486728,132.962,5,top,0.0,0.0,,204085.0,104.11769260549748,74.38224605302354,149.14440727009676,103.34630956088446,72.0,False,False,
P2_MID,11,53,586,258.6967,135.6311,342.9237,0.49195424,132.199,5,top,0.0,0.0,,47987.0,77.5298468040148,61.33991243310862,110.58110687022901,76.71706061315236,56.0,False,False,
P2_MID,11,54,585,146.9687,78.0211,217.2158,0.50960411,130.815,5,top,0.0,0.0,,17696.0,111.59108210984229,78.01550387596899,175.88191881918817,111.47265077138849,72.0,False,False,
P2_MID,11,55,584,462.351,239.4116,571.4998,0.4829378,132.929,5,top,0.0,0.0,,262650.0,121.76998939137951,86.8534610559927,178.79307266559542,120.63539247561542,72.0,False,False,
P2_MID,11,56,583,350.6137,181.8076,445.7803,0.485201,132.641,5,top,0.0,0.0,,178014.0,91.39807228915663,72.96415014761703,123.71277237680187,90.7759009779115,72.0,False,False,
P2_MID,11,57,582,238.8788,124.2051,320.0521,0.48814869,132.047,5,top,0.0,0.0,,33386.0,88.93235294117648,70.91519623569671,129.33960995292534,88.3011613936724,72.0,False,False,
P2_MID,11,58,581,442.5308,227.9782,548.6375,0.48125678,132.887,5,top,19189.0,6720.0,0.35020063578091615,134182.0,77.05034270857954,65.51797339979802,101.09893992932862,76.44149515267769,72.0,False,True,0.0034436732312837777
P2_MID,11,59,580,127.1522,66.6083,194.3106,0.49858898,130.269,5,top,0.0,0.0,,13530.0,112.24806201550388,82.79138010087117,164.54777070063693,112.2063305978898,72.0,False,False,
P2_MID,11,60,579,330.7931,170.3765,422.9095,0.48090387,132.559,5,top,0.0,0.0,,113024.0,79.69461118230255,64.44891077089095,109.64246870953819,79.6153584777438,72.0,False,False,
P2_MID,11,61,578,422.7087,216.5437,525.7714,0.47886062,132.835,5,top,9684.0,9011.0,0.9305039239983478,313947.0,123.08388101541816,87.96861083957859,181.30145739105464,122.7706580080843,72.0,False,True,0.0025841151117916078
P2_MID,11,62,577,219.057,112.7797,297.1773,0.4834269,131.875,5,top,0.0,0.0,,18536.0,91.41169789892106,73.5721317682696,129.39467312348668,90.10218978102189,72.0,False,False,
P2_MID,11,63,576,514.6246,262.7091,628.6299,0.4769063,133.022,5,top,0.0,0.0,,85990.0,84.74485954242687,64.91989384173753,120.23574386747372,83.91399904443382,56.0,False,False,
P2_MID,12,0,703,398.9561,257.6972,525.8623,0.57155614,132.846,6,bot,2453.0,2007.0,0.8181818181818182,75896.0,130.08376234868513,98.17307128190085,186.02714932126696,129.8402555910543,88.0,False,True,0.007787441429568599
P2_MID,12,1,702,187.4608,121.753,274.3955,0.57237906,131.656,6,bot,0.0,0.0,,0.0,,,,,,False,False,
P2_MID,12,2,701,313.0162,201.1795,422.9977,0.56944883,132.56,6,bot,0.0,0.0,,33647.0,118.25366876310272,94.6428395366034,183.95045045045043,117.06236741620704,88.0,False,False,
P2_MID,12,3,700,418.7692,269.1467,548.7232,0.56913041,132.888,6,bot,2028.0,76.0,0.03747534516765286,0.0,,,,,,False,True,0.004217399836016666
P2_MID,12,4,699,207.2679,133.2115,297.2624,0.56831242,131.867,6,bot,0.0,0.0,,15837.0,135.8865671641791,102.41099962839094,270.05999999999995,134.62986198243414,88.0,False,False,
P2_MID,12,5,698,438.5809,280.594,571.5835,0.56801874,132.931,6,bot,0.0,0.0,,58636.0,186.99018733273863,128.61429205503774,286.9269588313413,186.22222222222223,104.0,False,False,
P2_MID,12,6,697,332.8259,212.6284,445.8592,0.56770753,132.638,6,bot,0.0,0.0,,0.0,,,,,,False,False,
P2_MID,12,7,696,227.073,144.6646,320.1281,0.56648418,132.05,6,bot,0.0,0.0,,17750.0,127.73042616451932,100.98849929873772,223.04373177842567,127.67962308598351,104.0,False,False,
P2_MID,12,8,695,458.3912,292.0399,594.4433,0.56562236,132.965,6,bot,0.0,0.0,,57883.0,165.3856209150327,114.18000399121931,253.13048433048434,164.8288795124238,88.0,False,False,
P2_MID,12,9,694,352.6339,224.0761,468.7211,0.56539682,132.709,6,bot,1215.0,627.0,0.5160493827160494,41427.0,127.9808788380217,102.53938520653219,196.2255790533736,127.97818791946308,104.0,False,True,0.014336991130013488
P2_MID,12,10,693,246.8768,156.1138,342.9916,0.56470537,132.188,6,bot,0.0,0.0,,0.0,,,,,,False,False,
P2_MID,12,11,692,478.2004,303.4844,617.3029,0.56374041,133.003,6,bot,0.0,0.0,,40691.0,160.04704425874343,125.06526172671651,228.69727403156384,160.04057661505607,120.0,False,False,
P2_MID,12,12,691,372.4408,235.5208,491.5808,0.56332847,132.768,6,bot,5329.0,310.0,0.05817226496528429,0.0,,,,,,False,True,0.003206423363953743
P2_MID,12,13,690,498.0082,314.9279,637.0079,0.56335524,133.03,6,bot,0.0,0.0,,24950.0,109.1676745464541,92.27760756627148,150.5535289452815,108.10090817356206,88.0,False,False,
P2_MID,12,14,689,121.3291,76.7049,194.3819,0.57283841,130.261,6,bot,0.0,0.0,,0.0,,,,,,False,False,
P2_MID,12,15,688,392.2463,246.9646,514.4414,0.56157604,132.81,6,bot,4579.0,3821.0,0.834461672854335,103492.0,131.97226074895977,101.15340224491091,184.04236390595213,131.2995391705069,88.0,False,True,0.0054924632073185065
P2_MID,12,16,687,266.6793,167.5601,365.8536,0.55966255,132.326,6,bot,0.0,0.0,,23506.0,144.75780409041982,115.92781813920787,238.02575107296136,144.644098810613,104.0,False,False,
P2_MID,12,17,686,141.1204,88.1594,217.2459,0.56356676,130.82,6,bot,0.0,0.0,,16204.0,148.93660185967877,105.9316427783903,231.0193548387097,148.21965317919074,88.0,False,False,
P2_MID,12,18,685,412.0511,258.4066,537.3018,0.55948051,132.866,6,bot,4856.0,224.0,0.04612850082372323,0.0,,,,,,False,True,0.0030101647618747404
P2_MID,12,19,684,286.4811,179.004,388.7156,0.55660721,132.431,6,bot,0.0,0.0,,29188.0,141.11181373958033,114.20593368237347,220.3212598425197,140.32748538011697,104.0,False,False,
P2_MID,12,20,683,431.8549,269.8476,560.1602,0.55796249,132.905,6,bot,109.0,70.0,0.6422018348623854,63754.0,205.08735756918068,144.11725846407927,310.7821656050955,204.67821782178217,120.0,False,False,0.0459136243457942
P2_MID,12,21,682,160.9131,99.6075,240.1128,0.55791801,131.219,6,bot,0.0,0.0,,14541.0,144.83216783216784,108.70942746448557,222.49315068493152,144.68686868686868,104.0,False,False,
P2_MID,12,22,681,306.2821,190.4455,411.5768,0.55479451,132.519,6,bot,0.0,0.0,,0.0,,,,,,False,False,
P2_MID,12,23,680,451.6582,281.287,583.0189,0.55623934,132.947,6,bot,0.0,0.0,,62417.0,189.31518833535844,135.27047252512295,280.9344537815126,188.83800801373783,104.0,False,False,
P2_MID,12,24,679,471.4606,292.7258,605.8781,0.55570187,132.982,6,bot,0.0,0.0,,0.0,,,,,,False,False,
P2_MID,12,25,678,326.0822,201.8859,434.4372,0.55445573,132.603,6,bot,0.0,0.0,,39494.0,143.76017897091722,116.15107621497225,216.70083876980428,143.69734613212876,120.0,False,False,
P2_MID,12,26,677,491.2624,304.1637,628.7364,0.55447297,133.02,6,bot,0.0,0.0,,0.0,,,,,,False,False,
P2_MID,12,27,676,180.7064,111.0511,262.9752,0.55206201,131.531,6,bot,0.0,0.0,,0.0,,,,,,False,False,
P2_MID,12,28,675,345.8821,213.3244,457.2964,0.55228645,132.675,6,bot,0.0,0.0,,55891.0,120.68825065274152,97.76500453309157,168.7288537549407,119.2559965111208,88.0,False,False,
P2_MID,12,29,674,200.5005,122.4917,285.8392,0.54943087,131.776,6,bot,0.0,0.0,,14427.0,121.50827423167848,95.49901380670612,186.79749478079333,120.35097493036211,88.0,False,False,
P2_MID,12,30,673,365.6814,224.762,480.1559,0.55088313,132.74,6,bot,5619.0,2978.0,0.5299875422673074,65925.0,138.6595522561188,114.6932073425761,192.32130584192439,137.54096520763187,120.0,False,True,0.006658217826235433
P2_MID,12,31,672,220.2949,133.9297,308.7024,0.54590509,131.968,6,bot,0.0,0.0,,20431.0,126.63340700978844,103.23172242874845,182.80620155038758,125.98884758364312,104.0,False,False,
P2_MID,12,32,671,385.4802,236.1986,503.0156,0.54916753,132.792,6,bot,9521.0,818.0,0.0859153450267829,0.0,,,,,,False,True,0.002872018915237386
P2_MID,12,33,670,405.2788,247.6348,525.8737,0.54895262,132.838,6,bot,5695.0,4334.0,0.7610184372256366,114859.0,152.5920148560817,115.90245841892519,218.9711008162365,151.282858492051,104.0,False,True,0.005651099101813968
P2_MID,12,34,669,240.0895,145.3662,331.564,0.54438632,132.131,6,bot,0.0,0.0,,21070.0,147.61501706484643,115.24588302101078,264.6056782334385,147.05069124423963,104.0,False,False,
P2_MID,12,35,668,425.0767,259.07,548.7327,0.5478386,132.881,6,bot,4296.0,3545.0,0.8251862197392924,92181.0,188.37444482405195,131.37045609257999,285.1433133732535,187.75350140056022,104.0,False,True,0.005794709638789026
P2_MID,12,36,667,259.884,156.8017,354.4258,0.54306107,132.258,6,bot,0.0,0.0,,0.0,,,,,,False,False,
P2_MID,12,37,666,444.8746,270.5046,571.5911,0.5468743,132.929,6,bot,0.0,0.0,,78116.0,190.27102570501623,123.92668572389441,298.47747747747746,190.08194905869325,104.0,False,False,
P2_MID,12,38,665,279.6786,168.2358,377.2854,0.54189462,132.377,6,bot,0.0,0.0,,0.0,,,,,,False,False,
P2_MID,12,39,664,464.6725,281.9385,594.4497,0.54526031,132.971,6,bot,0.0,0.0,,59602.0,180.394867766431,131.59698113207548,268.2648859209794,179.9160055996267,120.0,False,False,
P2_MID,12,40,663,484.4697,293.3725,617.3076,0.54477712,133.003,6,bot,0.0,0.0,,0.0,,,,,,False,False,
P2_MID,12,41,662,299.4733,179.6695,400.1467,0.54179277,132.48,6,bot,0.0,0.0,,34053.0,139.38953059719833,112.65106746370624,204.32403240324032,137.9871794871795,104.0,False,False,
P2_MID,12,42,661,504.2669,304.8057,637.2585,0.5442981,133.035,6,bot,0.0,0.0,,0.0,,,,,,False,False,
P2_MID,12,43,660,104.5448,60.2851,171.491,0.56318364,144.006,6,bot,0.0,0.0,,3367.0,136.0,112.875,186.46296296296296,134.66129032258064,104.0,False,False,
P2_MID,12,44,659,319.2679,191.1022,423.0058,0.53828174,132.561,6,bot,0.0,0.0,,40234.0,139.0080263428689,113.56582482536271,200.09202958093672,137.84365482233503,104.0,False,False,
P2_MID,12,45,658,114.4485,66.0033,182.9246,0.51894935,129.906,6,bot,0.0,0.0,,9174.0,159.8585635359116,125.59062715368711,240.43781094527364,159.8439024390244,120.0,False,False,
P2_MID,12,46,657,339.0627,202.5348,445.8646,0.53689046,132.638,6,bot,0.0,0.0,,0.0,,,,,,False,False,
P2_MID,12,47,656,358.8578,213.9666,468.7239,0.53624811,132.702,6,bot,2032.0,105.0,0.05167322834645669,0.0,,,,,,False,True,0.0049107740410689665
P2_MID,12,48,655,134.2382,77.4287,205.8029,0.51495913,130.564,6,bot,0.0,0.0,,0.0,,,,,,False,False,
P2_MID,12,49,654,378.6528,225.3981,491.5828,0.53514113,132.764,6,bot,8756.0,5058.0,0.5776610324349017,121520.0,141.90727350063804,114.47078588762366,195.75915378356387,141.5834970530452,104.0,False,True,0.005278545100535345
P2_MID,12,50,653,398.4475,236.8299,514.4415,0.53487428,132.813,6,bot,7761.0,5997.0,0.7727097023579436,180919.0,145.846995835812,112.17225537761367,203.01689021361153,145.6417089678511,104.0,False,True,0.004757072711863968
P2_MID,12,51,652,418.2423,248.2607,537.3009,0.53439809,132.871,6,bot,8483.0,483.0,0.056937404220205115,0.0,,,,,,False,True,0.0025159056960228493
P2_MID,12,52,651,154.0294,88.855,228.6765,0.51336072,131.038,6,bot,0.0,0.0,,18568.0,138.42795830778664,101.97605252993434,206.39566395663957,137.66248256624826,88.0,False,False,
P2_MID,12,53,650,438.0372,259.6917,560.1596,0.53295805,132.908,6,bot,93.0,87.0,0.9354838709677419,103634.0,193.3715784297656,137.29802276812464,285.6775015933716,193.2349468713105,120.0,False,False,0.02547480267357412
P2_MID,12,54,649,457.832,271.122,583.018,0.53259373,132.947,6,bot,0.0,0.0,,72952.0,178.80081799591002,130.42562107153546,262.7178329571106,178.6501547987616,104.0,False,False,
P2_MID,12,55,648,477.6269,282.5526,605.8761,0.53194693,132.986,6,bot,0.0,0.0,,64766.0,162.04891628554384,120.67428906479039,234.5832976445396,161.90321388991504,104.0,False,False,
P2_MID,12,56,647,497.4219,293.9826,628.7337,0.53218567,133.017,6,bot,0.0,0.0,,0.0,,,,,,False,False,
P2_MID,12,57,646,193.614,111.7091,274.399,0.51848608,131.655,6,bot,0.0,0.0,,0.0,,,,,,False,False,
P2_MID,12,58,645,233.2005,134.5644,320.122,0.52085513,132.048,6,bot,0.0,0.0,,32710.0,104.13350080746456,89.32041868458053,138.97335701598578,102.32366071428571,88.0,False,False,
P2_MID,12,59,644,292.5818,168.8482,388.7053,0.52372097,132.422,6,bot,0.0,0.0,,0.0,,,,,,False,False,
P2_MID,12,60,643,332.1699,191.7046,434.4252,0.52468136,132.601,6,bot,0.0,0.0,,0.0,,,,,,False,False,
P2_MID,12,61,642,371.7587,214.5609,480.1441,0.52457719,132.728,6,bot,13640.0,452.0,0.03313782991202346,0.0,,,,,,False,True,0.0015326293255757426
P2_MID,12,62,641,391.5529,225.9893,503.0023,0.52368973,132.791,6,bot,16755.0,1043.0,0.06225007460459564,0.0,,,,,,False,True,0.0018665569331313165
P2_MID,12,63,640,490.5252,283.131,617.2957,0.52366969,133.008,6,bot,0.0,0.0,,0.0,,,,,,False,False,
P2_MID,13,0,767,478.0239,344.5066,637.464,0.61395456,133.034,6,top,0.0,0.0,,442.0,82.1010101010101,72.27722772277228,111.07692307692308,81.46478873239437,72.0,False,False,
P2_MID,13,1,766,431.7949,310.9189,582.9138,0.62030431,132.95,6,top,0.0,0.0,,54973.0,130.44204851752022,87.86255778120184,204.10901001112344,130.09157368218547,72.0,False,False,
P2_MID,13,2,765,451.6731,322.4204,605.7847,0.62020802,132.989,6,top,0.0,0.0,,489.0,92.19555555555556,83.50222222222223,124.2962962962963,89.70588235294117,88.0,False,False,
P2_MID,13,3,764,385.5659,277.3313,525.7707,0.61878645,132.851,6,top,0.0,0.0,,58215.0,130.6949293433084,95.34220120208887,201.02477700693757,130.4023712486106,88.0,False,False,
P2_MID,13,4,763,471.5448,333.9159,628.6511,0.61550876,133.023,6,top,0.0,0.0,,705.0,89.48905109489051,78.84210526315789,105.96153846153845,87.14285714285714,88.0,False,False,
P2_MID,13,5,762,405.4419,288.833,548.6406,0.61913645,132.889,6,top,0.0,0.0,,55612.0,171.48246674727932,115.83920016663195,273.0597738287561,171.0549305095963,88.0,False,False,
P2_MID,13,6,761,339.3373,243.7432,468.6255,0.61762101,132.712,6,top,0.0,0.0,,43116.0,117.5343744390594,96.7691149585977,170.49101796407183,116.85849353923732,88.0,False,False,
P2_MID,13,7,760,425.3107,300.3283,571.5094,0.61400104,132.93,6,top,0.0,0.0,,54015.0,160.64512231954092,109.784744790671,247.68134715025906,160.57980456026058,88.0,False,False,
P2_MID,13,8,759,359.2101,255.2458,491.4977,0.61806972,132.763,6,top,0.0,0.0,,44208.0,119.22336227308602,94.01520171506529,174.0142421159715,118.5841726618705,88.0,False,False,
P2_MID,13,9,758,293.1089,210.1559,411.4803,0.61613327,132.524,6,top,0.0,0.0,,35710.0,109.04111474281783,89.19955361671909,162.67951807228917,108.34198213526159,88.0,False,False,
P2_MID,13,10,757,379.0752,266.7409,514.3663,0.61212937,132.82,6,top,0.0,0.0,,56113.0,137.2249443207127,104.43041539544708,202.3433763749402,136.42655601659752,88.0,False,False,
P2_MID,13,11,756,445.1734,311.8177,594.3766,0.60817588,132.973,6,top,0.0,0.0,,54658.0,109.32920079698916,89.93541216424822,151.82394131377126,108.5343292157426,88.0,False,False,
P2_MID,13,12,755,312.9774,221.659,434.3541,0.61599676,132.605,6,top,0.0,0.0,,37915.0,104.88504753673293,85.66711326393899,154.6170906718852,102.9534632034632,88.0,False,False,
P2_MID,13,13,754,246.881,176.5683,354.3325,0.61511966,132.264,6,top,0.0,0.0,,47527.0,115.62460765850597,94.03346638010439,160.22708333333333,115.03017580687484,88.0,False,False,
P2_MID,13,14,753,398.9342,278.2293,537.2352,0.60634436,132.866,6,top,0.0,0.0,,55606.0,172.1333688983729,121.85436071126165,260.4943219772879,171.78359511343805,104.0,False,False,
P2_MID,13,15,752,465.0312,323.302,617.2436,0.60398013,133.001,6,top,0.0,0.0,,34696.0,156.3148088660456,118.42776572668113,239.42284569138275,155.85848375451263,104.0,False,False,
P2_MID,13,16,751,332.8381,233.1534,457.225,0.60975044,132.673,6,top,0.0,0.0,,40815.0,120.75808403942591,99.0887411144233,171.02919290211793,119.19636260301222,104.0,False,False,
P2_MID,13,17,750,266.7438,188.0722,377.2109,0.61412626,132.379,6,top,0.0,0.0,,30201.0,120.03002309468822,95.179636749304,186.05786163522012,118.77117818889971,88.0,False,False,
P2_MID,13,18,749,200.6533,142.9805,297.1858,0.61100892,131.877,6,top,0.0,0.0,,20405.0,108.18254420992585,90.15620306398318,152.75433231396534,107.31372549019608,88.0,False,False,
P2_MID,13,19,748,484.8841,334.782,637.2001,0.60147726,133.028,6,top,0.0,0.0,,16071.0,124.53492333901193,102.98499741334713,191.58951965065503,123.5,104.0,False,False,
P2_MID,13,20,747,418.7875,289.7122,560.1031,0.60165531,132.905,6,top,0.0,0.0,,52077.0,211.09868995633187,138.77474195506983,332.99197431781704,210.85209003215434,88.0,False,False,
P2_MID,13,21,746,352.6922,244.6405,480.0939,0.60335126,132.74,6,top,0.0,0.0,,45683.0,127.7017766497462,103.1359017781541,188.0591497227357,127.64767616191905,104.0,False,False,
P2_MID,13,22,745,286.5984,199.5664,400.0819,0.60549344,132.473,6,top,0.0,0.0,,29771.0,130.49180327868854,103.33191338303159,215.98013245033115,130.17431803060546,104.0,False,False,
P2_MID,13,23,744,220.5083,154.4864,320.0648,0.61018319,132.047,6,top,0.0,0.0,,21210.0,111.47925973197192,89.75485645521746,187.08074534161491,111.3579858379229,88.0,False,False,
P2_MID,13,24,743,438.6365,301.1902,582.9687,0.59847298,132.95,6,top,0.0,0.0,,52873.0,160.31666666666666,111.73930589184826,245.93939393939397,160.27101375445747,88.0,False,False,
P2_MID,13,25,742,154.4273,109.3933,240.0378,0.60440431,131.217,6,top,0.0,0.0,,19684.0,112.98307210031348,79.60712093308778,185.6144578313253,112.87208008898776,72.0,False,False,
P2_MID,13,26,741,372.5406,256.1216,502.9638,0.59742479,132.787,6,top,0.0,0.0,,65217.0,129.37926551836205,99.68758053325404,186.23812898653438,129.2032889140913,88.0,False,False,
P2_MID,13,27,740,306.4464,211.0518,422.9536,0.59835998,132.555,6,top,0.0,0.0,,37630.0,129.60338445267055,104.30104463437797,197.66167023554604,129.27234578262693,104.0,False,False,
P2_MID,13,28,739,458.4807,312.6643,605.8336,0.59527459,132.987,6,top,0.0,0.0,,43642.0,156.88536714210247,116.61068702290076,229.66509751176866,156.32647975077882,104.0,False,False,
P2_MID,13,29,738,240.3549,165.9796,342.9397,0.60087453,132.2,6,top,0.0,0.0,,17940.0,147.7345003646973,112.10473623411629,265.36898395721926,147.0695443645084,104.0,False,False,
P2_MID,13,30,737,392.3838,267.5979,525.8289,0.59415988,132.844,6,top,0.0,0.0,,60574.0,152.49579667644184,113.30433513355715,224.43933054393304,151.58659217877096,104.0,False,False,
P2_MID,13,31,736,326.2882,222.5308,445.8217,0.59485863,132.643,6,top,0.0,0.0,,44260.0,116.34505738615327,93.70855314364785,166.82208588957053,115.85039370078741,88.0,False,False,
P2_MID,13,32,735,478.3213,324.1347,628.6971,0.59233186,133.018,6,top,0.0,0.0,,35427.0,128.1760765550239,98.52667946257198,196.0,128.16448152562575,88.0,False,False,
P2_MID,13,33,734,174.2698,120.9017,262.9179,0.60355817,131.526,6,top,0.0,0.0,,15911.0,148.45833333333334,113.53091080698442,232.40731070496082,147.8658064516129,104.0,False,False,
P2_MID,13,34,733,412.2231,279.0691,548.6939,0.59161701,132.886,6,top,0.0,0.0,,57229.0,212.65286065286065,145.08695652173913,329.02672064777323,212.3835978835979,104.0,False,False,
P2_MID,13,35,732,260.1943,177.4633,365.8137,0.59319878,132.319,6,top,0.0,0.0,,24101.0,139.53401360544217,108.36340904355075,247.32222222222222,137.8644859813084,104.0,False,False,
P2_MID,13,36,731,108.2044,75.8071,182.917,0.58264187,129.902,6,top,0.0,0.0,,9937.0,132.9223638470452,102.58786936236392,212.21145374449338,132.29090909090908,104.0,False,False,
P2_MID,13,37,730,346.1252,234.004,468.6896,0.58959474,132.701,6,top,314.0,161.0,0.5127388535031847,38314.0,117.26492851135407,94.77693820515475,171.80924855491327,116.53130655085053,88.0,False,False,0.02820747301326982
P2_MID,13,38,729,432.0584,290.5371,571.5571,0.58849248,132.929,6,top,0.0,0.0,,54803.0,207.87797091167081,138.79205736348592,328.734693877551,207.85936222403924,104.0,False,False,
P2_MID,13,39,728,194.1044,132.3939,285.7977,0.5910998,131.774,6,top,0.0,0.0,,16176.0,138.6165211551377,108.82266155208026,222.75268817204298,137.55627009646304,104.0,False,False,
P2_MID,13,40,727,280.0282,188.9392,388.6836,0.58709961,132.432,6,top,0.0,0.0,,28336.0,136.18062636562271,107.23499562554682,231.6433121019108,135.20924261874197,104.0,False,False,
P2_MID,13,41,726,365.9583,245.4727,491.5537,0.58655057,132.762,6,top,1527.0,1044.0,0.6836935166994106,58662.0,120.4342663273961,94.74118880554883,171.76404886561954,119.44682975536695,88.0,False,True,0.011900501382365036
P2_MID,13,42,725,451.8905,302.0012,594.4198,0.58563677,132.963,6,top,0.0,0.0,,48597.0,147.07362784471218,105.12904398400582,219.75210589651024,146.7385496183206,88.0,False,False,
P2_MID,13,43,724,299.8576,200.4088,411.5482,0.58600613,132.525,6,top,0.0,0.0,,34420.0,119.82259326897992,93.83949288362636,184.49736564805062,118.57543859649122,88.0,False,False,
P2_MID,13,44,723,385.7876,256.9371,514.4169,0.58467845,132.823,6,top,1270.0,1012.0,0.7968503937007874,72416.0,139.88925081433226,105.14943947341357,205.3721639011175,138.99371900826446,88.0,False,True,0.011290015230515225
P2_MID,13,45,722,471.7199,313.4622,617.2818,0.58366789,133.004,6,top,0.0,0.0,,38055.0,144.8192922016912,111.01827125790584,219.41207349081364,144.74360432063673,104.0,False,False,
P2_MID,13,46,721,213.9324,143.8748,308.6712,0.58581515,131.962,6,top,0.0,0.0,,14983.0,131.19621749408984,104.37901234567902,242.56637168141594,130.54773869346732,104.0,False,False,
P2_MID,13,47,720,128.0242,87.3208,205.7744,0.58521733,130.567,6,top,0.0,0.0,,14127.0,168.3956043956044,115.53897180762853,264.72264631043254,167.03499079189686,88.0,False,False,
P2_MID,13,48,719,491.5465,324.9212,636.9883,0.58241912,133.032,6,top,0.0,0.0,,16412.0,122.56367816091954,99.88759579903491,184.5801526717557,121.08538011695906,104.0,False,False,
P2_MID,13,49,718,405.6136,268.3982,537.2799,0.58198949,132.864,6,top,1286.0,1076.0,0.8367029548989113,62630.0,171.611757242546,124.0019617459539,255.95253308991326,170.49256900212316,104.0,False,True,0.010307523417702554
P2_MID,13,50,717,319.6827,211.8738,434.4143,0.58116002,132.605,6,top,0.0,0.0,,32550.0,135.9671820763648,109.74026901559338,223.49615975422424,135.48754448398577,104.0,False,False,
P2_MID,13,51,716,233.7557,155.3466,331.5418,0.58005744,132.124,6,top,0.0,0.0,,22242.0,120.54887218045113,92.86537077033837,216.6416040100251,118.98617511520737,88.0,False,False,
P2_MID,13,52,715,425.4372,279.8563,560.1416,0.57962396,132.906,6,top,32.0,26.0,0.8125,57793.0,217.35786802030455,151.07057654075547,335.89861751152074,216.53352353780315,120.0,False,False,0.06899813176818631
P2_MID,13,53,714,147.8398,98.8111,228.6533,0.57921757,131.028,6,top,0.0,0.0,,11944.0,154.24248302618818,117.59948152948802,236.25806451612902,153.8423236514523,104.0,False,False,
P2_MID,13,54,713,339.505,223.334,457.2776,0.57830869,132.68,6,top,0.0,0.0,,47761.0,109.47864077669902,90.34890129301208,154.78436539306105,108.7578027465668,88.0,False,False,
P2_MID,13,55,712,445.2584,291.3116,583.0025,0.5777674,132.952,6,top,0.0,0.0,,56953.0,160.29477292202228,112.08410493827161,243.55743651753323,160.2752,88.0,False,False,
P2_MID,13,56,711,253.5749,166.8115,354.4083,0.5764606,132.261,6,top,0.0,0.0,,26765.0,110.98855469789726,88.65267120312726,192.19320214669054,110.82352941176471,88.0,False,False,
P2_MID,13,57,710,359.3243,234.7913,480.1394,0.57627933,132.738,6,top,2911.0,1777.0,0.610443146684988,54278.0,107.96167286664412,87.93958318204923,153.60570071258906,107.26012172532415,88.0,False,True,0.009038303759593176
P2_MID,13,58,709,465.0774,302.7647,605.8639,0.57563524,132.98,6,top,0.0,0.0,,49992.0,126.54115036064361,94.7698890225966,182.18641390205372,126.55531135531136,88.0,False,False,
P2_MID,13,59,708,273.3913,178.2714,377.2716,0.57625874,132.376,6,top,0.0,0.0,,30129.0,98.71561643835616,77.67724931112974,154.05136986301372,98.43657817109144,72.0,False,False,
P2_MID,13,60,707,379.1413,246.2453,503.0019,0.57380137,132.789,6,top,4229.0,3180.0,0.7519508157956963,76343.0,109.92633485724144,87.08995233083638,153.6430029485144,109.50311591192356,88.0,False,True,0.006641172736649337
P2_MID,13,61,706,484.8946,314.2159,628.7241,0.57340262,133.016,6,top,0.0,0.0,,35461.0,117.528880866426,92.61609078158868,170.12966601178783,116.69605212725182,88.0,False,False,
P2_MID,13,62,705,167.6517,110.2871,251.5279,0.57427131,131.385,6,top,0.0,0.0,,680.0,93.44329896907217,79.36723163841808,113.29729729729729,90.83333333333334,88.0,False,False,
P2_MID,13,63,704,293.205,189.7268,400.1352,0.57204064,132.48,6,top,0.0,0.0,,31934.0,107.96658813450418,87.07390386287418,162.4581976112921,106.80926130099228,88.0,False,False,
P2_OUT,14,0,447,144.3471,56.383,205.3015,0.40114047,130.567,4,bot,0.0,0.0,,35992.0,80.35840855901036,60.831372549019605,179.53846153846155,80.33647206528562,56.0,False,False,
P2_OUT,14,1,446,538.9023,208.4196,628.147,0.38036893,133.018,4,bot,0.0,0.0,,52193.0,122.61332297533501,90.52191235059762,194.27209838585705,121.21526418786692,88.0,False,False,
P2_OUT,14,2,445,357.7356,138.249,433.8677,0.38582775,132.609,4,bot,0.0,0.0,,97234.0,122.45912174223491,88.921620965785,262.5812356979405,121.05489260143197,88.0,False,False,
P2_OUT,14,3,444,176.5673,68.1079,239.5518,0.38981025,131.228,4,bot,0.0,0.0,,25805.0,191.8173515981735,114.16245883644348,329.96989247311825,191.7685185185185,88.0,False,False,
P2_OUT,14,4,443,389.9576,149.9791,468.1374,0.38230133,132.702,4,bot,0.0,0.0,,115833.0,121.35820327369623,90.89504887037334,181.84794701986755,120.17157214644652,88.0,False,False,
P2_OUT,14,5,442,422.179,161.709,502.4153,0.38036152,132.783,4,bot,0.0,0.0,,125955.0,168.88804861580013,114.52200573632678,254.52581938222116,168.60544790789103,88.0,False,False,
P2_OUT,14,6,441,208.787,79.8333,273.8179,0.38371553,131.661,4,bot,0.0,0.0,,47275.0,106.06066536203524,76.74253731343283,180.50064184852374,105.40575774035851,72.0,False,False,
P2_OUT,14,7,440,454.3997,173.4382,536.6903,0.37806329,132.865,4,bot,0.0,0.0,,101286.0,159.7156830779263,100.28414743017473,269.59100374843814,159.69637883008355,72.0,False,False,
P2_OUT,14,8,439,486.6205,185.1675,570.9702,0.37657601,132.928,4,bot,0.0,0.0,,59500.0,144.40319844923673,101.55568650559812,232.59281894576011,144.39024390243904,88.0,False,False,
P2_OUT,14,9,438,241.0062,91.5587,308.0876,0.3786958,131.964,4,bot,0.0,0.0,,47979.0,109.59830591301515,83.59739219947386,169.42809550249862,109.0310108739428,72.0,False,False,
P2_OUT,14,10,437,518.8405,196.8959,605.246,0.37456285,132.987,4,bot,0.0,0.0,,95563.0,101.74592645998558,71.50847842887667,175.178496868476,100.98224556139034,72.0,False,False,
P2_OUT,14,11,436,551.0603,208.6245,636.3635,0.37361269,133.032,4,bot,0.0,0.0,,79901.0,97.9353226925746,73.6118439258371,169.28925619834712,97.56357927786499,72.0,False,False,
P2_OUT,14,12,435,273.2253,103.284,342.3705,0.37801471,132.197,4,bot,0.0,0.0,,73520.0,99.67294350842418,76.9939713639789,147.59246107620868,99.14868309260832,72.0,False,False,
P2_OUT,14,13,434,305.4442,115.01,376.6527,0.37682457,132.376,4,bot,0.0,0.0,,75381.0,104.6521067725568,79.67417135709819,162.5628834355828,103.87234042553192,72.0,False,False,
P2_OUT,14,14,433,337.6629,126.7359,410.9336,0.37502635,132.523,4,bot,0.0,0.0,,91732.0,119.25043782837128,89.6910569105691,196.36106194690265,117.78717455879783,88.0,False,False,
P2_OUT,14,15,432,369.8815,138.4616,445.2154,0.37372487,132.635,4,bot,0.0,0.0,,88191.0,107.36059788249948,77.0944422852701,182.77705735660848,105.93376764386537,72.0,False,False,
P2_OUT,14,16,431,402.1,150.1879,479.4977,0.37247742,132.732,4,bot,0.0,0.0,,84790.0,147.8295557570263,107.34329407628758,223.31220498988534,147.2567463377024,88.0,False,False,
P2_OUT,14,17,430,434.3186,161.9136,513.7798,0.3713115,132.82,4,bot,0.0,0.0,,111675.0,170.16150943396227,105.34452518165872,265.8913870632999,169.12233285917497,72.0,False,False,
P2_OUT,14,18,429,466.5371,173.6401,548.0631,0.37022842,132.89,4,bot,0.0,0.0,,69269.0,190.70938980217332,122.1085488003727,322.01327014218015,190.50194049159123,88.0,False,False,
P2_OUT,14,19,428,498.7553,185.3661,582.3457,0.36922947,132.95,4,bot,0.0,0.0,,81268.0,136.0201850294365,85.02518055826664,239.59548144163531,135.51754040204966,72.0,False,False,
P2_OUT,14,20,427,530.9736,197.0923,616.6285,0.36830877,133.0,4,bot,0.0,0.0,,60245.0,136.62906622981512,96.88589125946318,233.1467680608365,135.60247422680413,88.0,False,False,
P2_OUT,14,21,426,253.1154,91.7747,319.4883,0.37886445,132.05,4,bot,0.0,0.0,,64962.0,82.25939254354397,61.537275332117744,134.15323906609666,81.94981366459628,56.0,False,False,
P2_OUT,14,22,425,285.3339,103.4937,353.7487,0.37333678,132.261,4,bot,0.0,0.0,,51009.0,118.60770110560428,90.16477895506029,173.53931691818906,117.7428760768721,88.0,False,False,
P2_OUT,14,23,424,317.5523,115.2142,388.0194,0.36946648,132.434,4,bot,0.0,0.0,,61831.0,124.06917817401796,95.6282797731569,201.37841043890867,123.46831530139104,88.0,False,False,
P2_OUT,14,24,423,349.7707,126.9359,422.2987,0.36717223,132.56,4,bot,0.0,0.0,,83829.0,127.77774643914822,88.66016178800767,249.9845857418112,127.73151618398637,72.0,False,False,
P2_OUT,14,25,422,381.9891,138.6582,456.5791,0.3652912,132.671,4,bot,0.0,0.0,,73694.0,139.1075495571489,93.7803421398927,310.4948875255625,138.09368635437883,72.0,False,False,
P2_OUT,14,26,421,414.2072,150.3811,490.8601,0.3633596,132.76,4,bot,0.0,0.0,,83481.0,167.90401146131805,114.74079422382671,259.7729490022173,166.8769086942973,88.0,False,False,
P2_OUT,14,27,420,446.4257,162.1048,525.1471,0.36289483,132.835,4,bot,0.0,0.0,,91100.0,195.67902899527982,121.80983606557378,308.38578680203045,195.28806749698674,88.0,False,False,
P2_OUT,14,28,419,478.6436,173.8288,559.4324,0.36213076,132.911,4,bot,0.0,0.0,,64041.0,182.78719397363466,116.8838618460917,316.868778280543,182.10502540937324,88.0,False,False,
P2_OUT,14,29,418,510.862,185.5531,593.7189,0.36166861,132.971,4,bot,0.0,0.0,,65656.0,135.48101874098992,86.21303370786516,232.0544217687075,134.63880597014926,72.0,False,False,
P2_OUT,14,30,417,543.08,197.2778,628.004,0.36100254,133.017,4,bot,0.0,0.0,,85772.0,83.56152876942461,60.44199456029012,157.56790992258973,83.0235322082244,56.0,False,False,
P2_OUT,14,31,416,220.8966,80.0583,285.2109,0.38246357,131.772,4,bot,0.0,0.0,,114160.0,70.12234349654963,58.57967656735091,93.34246950801698,67.87836566930231,56.0,False,False,
P2_OUT,14,32,415,188.6776,68.3451,250.9346,0.38705191,131.381,4,bot,0.0,0.0,,89926.0,74.57213594418187,67.82549328531773,96.46530284797433,69.84919992528485,72.0,False,False,
P2_OUT,14,33,414,156.4584,56.6379,216.6622,0.39310746,130.813,4,bot,0.0,0.0,,22011.0,209.96937573616017,113.84713375796179,368.3442136498516,209.76371308016877,88.0,False,False,
P2_OUT,14,34,413,124.238,44.9423,182.3929,0.40146264,129.909,4,bot,0.0,0.0,,10155929.0,56.09891656496598,52.04945828248299,60.14837484744897,59.87546744096496,56.0,False,False,
P2_OUT,14,35,412,426.2817,150.5609,502.2549,0.35957521,132.795,4,bot,0.0,0.0,,93254.0,198.81729161690947,123.51219512195122,316.1462450592885,197.95162635529607,88.0,False,False,
P2_OUT,14,36,411,458.5021,162.2831,536.5341,0.3580304,132.869,4,bot,0.0,0.0,,77921.0,145.0255033557047,92.59955947136564,243.9957739038563,144.87247811191475,72.0,False,False,
P2_OUT,14,37,410,490.7221,174.0057,570.8168,0.35680237,132.933,4,bot,0.0,0.0,,72497.0,111.41598207617626,72.06204724409449,206.96374146085128,111.30271957200179,72.0,False,False,
P2_OUT,14,38,409,522.9418,185.7294,605.1006,0.35581021,132.98,4,bot,0.0,0.0,,69802.0,124.82196339434276,80.30230592780394,223.58139534883722,124.44651162790699,72.0,False,False,
P2_OUT,14,39,408,555.1616,197.4525,636.4389,0.35518893,133.034,4,bot,0.0,0.0,,42510.0,141.6960954986322,105.73096901307541,245.28792569659439,141.42237061769617,88.0,False,False,
P2_OUT,14,40,407,394.0613,138.8397,467.9663,0.36029294,132.7,4,bot,0.0,0.0,,76724.0,151.82652861887087,109.31413845196836,248.90507152145642,150.89332415691672,104.0,False,False,
P2_OUT,14,41,406,361.84,127.1193,433.6785,0.3611139,132.6,4,bot,0.0,0.0,,76794.0,138.0505701536936,103.63108059269967,237.67344078486337,137.21266968325793,104.0,False,False,
P2_OUT,14,42,405,329.6184,115.4001,399.3897,0.36205298,132.479,4,bot,0.0,0.0,,69745.0,111.88219005663939,82.11828836195149,191.96511031298104,111.85753424657534,72.0,False,False,
P2_OUT,14,43,404,297.3957,103.6827,365.1002,0.36313736,132.324,4,bot,0.0,0.0,,81316.0,97.04563709382987,76.16425970111767,151.85113083309474,96.89462723865056,72.0,False,False,
P2_OUT,14,44,403,265.1722,91.9671,330.8091,0.36438749,132.126,4,bot,0.0,0.0,,66189.0,91.93859234766178,67.12453780190387,146.37965072133636,90.59245283018868,56.0,False,False,
P2_OUT,14,45,402,232.9471,80.2552,296.5154,0.36582263,131.872,4,bot,0.0,0.0,,37824.0,104.8630303030303,76.11017260374587,165.2619718309859,103.63256784968684,72.0,False,False,
P2_OUT,14,46,401,200.7195,68.5485,262.2188,0.36740562,131.53,4,bot,0.0,0.0,,49615.0,97.5792276964048,64.57478152309614,185.32372214941023,97.5089058524173,56.0,False,False,
P2_OUT,14,47,400,168.4884,56.8501,227.9135,0.36888359,131.03,4,bot,0.0,0.0,,49122.0,79.9210024064393,71.76864990457224,169.75,79.81586073500968,72.0,False,False,
P2_OUT,14,48,399,136.2509,45.167,193.6564,0.37826935,130.267,4,bot,0.0,0.0,,17272.0,127.15011547344112,92.56920943134536,197.87265917602997,127.06835443037976,88.0,False,False,
P2_OUT,14,49,398,534.9965,185.8953,616.4724,0.3485753,132.994,4,bot,0.0,0.0,,54933.0,145.81642512077295,100.26314226314226,288.6022187004754,145.6646989374262,88.0,False,False,
P2_OUT,14,50,397,502.7736,174.1724,582.1798,0.34829742,132.942,4,bot,0.0,0.0,,82512.0,170.77282086479065,95.60771704180064,792.4270462633452,170.31217326362957,1016.0,False,False,
P2_OUT,14,51,396,470.5501,162.4503,547.8857,0.34793922,132.885,4,bot,0.0,0.0,,0.0,,,,,,False,False,
P2_OUT,14,52,395,438.326,150.7284,513.5904,0.3474698,132.823,4,bot,0.0,0.0,,85265.0,205.13631840796018,131.9888778550149,329.6712643678161,204.69575200918484,88.0,False,False,
P2_OUT,14,53,394,406.1005,139.0076,479.2937,0.34684353,132.734,4,bot,0.0,0.0,,72659.0,160.44991511035653,108.8489409141583,252.52889120249873,160.39864610755922,88.0,False,False,
P2_OUT,14,54,393,373.874,127.288,444.9938,0.34599438,132.639,4,bot,0.0,0.0,,66051.0,123.21434730125884,88.78146209036261,205.270985915493,122.28736105393166,72.0,False,False,
P2_OUT,14,55,392,341.646,115.5698,410.6915,0.34480407,132.522,4,bot,0.0,0.0,,78317.0,110.02309037900875,79.23284340811139,180.72448979591837,109.5940959409594,72.0,False,False,
P2_OUT,14,56,391,309.4155,103.8532,376.3839,0.34308369,132.369,4,bot,0.0,0.0,,57997.0,110.61003043535794,84.97933284989122,175.75310687655346,110.21845318860244,88.0,False,False,
P2_OUT,14,57,390,277.1825,92.1395,342.0808,0.3429542,132.196,4,bot,0.0,0.0,,53077.0,132.32987068051727,100.47860058309038,197.87354085603113,131.90516252390057,88.0,False,False,
P2_OUT,14,58,389,547.0273,186.0523,627.8358,0.34002979,133.018,4,bot,0.0,0.0,,56255.0,147.78813221823975,94.20027662517289,379.81746031746036,147.30277777777778,72.0,False,False,
P2_OUT,14,59,388,514.8001,174.329,593.5378,0.33901652,132.972,4,bot,0.0,0.0,,66853.0,133.272829551847,92.44635193133047,227.93989481592786,132.65717124875786,88.0,False,False,
P2_OUT,14,60,387,482.5717,162.6066,559.2382,0.33777609,132.906,4,bot,0.0,0.0,,70425.0,148.86494612878977,96.14018977655341,267.5536028119508,148.15938303341903,72.0,False,False,
P2_OUT,14,61,386,450.3415,150.885,524.9369,0.33622604,132.842,4,bot,0.0,0.0,,75699.0,171.5994587280108,104.99745347698335,280.002331002331,170.8216560509554,72.0,False,False,
P2_OUT,14,62,385,418.1098,139.1638,490.6375,0.33549703,132.764,4,bot,0.0,0.0,,71700.0,167.48392979256894,109.22981592855841,264.9874638379942,166.71411042944786,72.0,False,False,
P2_OUT,14,63,384,559.0359,186.2003,636.6766,0.33940585,133.035,4,bot,0.0,0.0,,47689.0,144.0914866581957,94.7588092345079,377.8518518518518,144.0808988764045,88.0,False,False,
P2_OUT,15,0,511,517.5066,230.142,617.0077,0.42878126,133.005,4,top,0.0,0.0,,69355.0,130.3359516616314,101.53373216751035,206.53791708796763,129.96743002544528,88.0,False,False,
P2_OUT,15,1,510,465.3043,206.9018,559.8635,0.42979372,132.904,4,top,2339.0,2176.0,0.9303120991876871,180874.0,160.5452787624879,116.87703922707354,238.6,160.43692704970948,88.0,False,True,0.005264751960695481
P2_OUT,15,2,509,413.1015,183.6627,502.7201,0.43103635,132.79,4,top,27899.0,25006.0,0.8963045270439801,242672.0,165.74815139398586,121.77500779058897,240.22148276321042,164.2625507717303,120.0,False,True,0.0018252122500840315
P2_OUT,15,3,508,497.5873,218.6703,594.1517,0.42878987,132.962,4,top,0.0,0.0,,91077.0,162.43026753205635,117.45738161559889,261.5352190793123,162.10937070623797,88.0,False,False,
P2_OUT,15,4,507,360.8991,160.4241,445.5717,0.43145955,132.633,4,top,0.0,0.0,,135860.0,130.01697312588402,107.83728813559321,176.80722114764666,129.54621848739495,104.0,False,False,
P2_OUT,15,5,506,445.3834,195.432,536.9981,0.42824079,132.865,4,top,7602.0,7172.0,0.943435937911076,238512.0,215.67195600942654,149.5523284927391,320.9701305669826,214.0979020979021,120.0,False,True,0.0026494917426182125
P2_OUT,15,6,505,529.8633,230.433,628.4074,0.42301024,133.02,4,top,0.0,0.0,,65165.0,141.2280124337173,106.00556354916067,251.93302325581396,140.36625119846596,104.0,False,False,
P2_OUT,15,7,504,308.6966,137.1869,388.42,0.4317478,132.432,4,top,0.0,0.0,,88962.0,127.0183226887237,97.75972110485385,216.271679805943,126.75285980313915,88.0,False,False,
P2_OUT,15,8,503,393.1792,172.1946,479.8486,0.42861317,132.73,4,top,28926.0,20580.0,0.7114706492428957,175036.0,138.9602588246656,111.60754472597749,187.51417870518995,137.66852705653966,104.0,False,True,0.0026639698333631337
P2_OUT,15,9,502,477.6574,207.1948,571.2589,0.42297927,132.932,4,top,0.0,0.0,,107293.0,163.9584401565241,115.17412546413914,249.58485173276173,163.02308326463313,88.0,False,False,
P2_OUT,15,10,501,256.494,113.9519,331.2799,0.43547926,132.122,4,top,0.0,0.0,,44774.0,129.02383939774154,103.83294067252088,210.70362473347546,128.70710571923743,104.0,False,False,
P2_OUT,15,11,500,340.9745,148.9585,422.6973,0.42893471,132.569,4,top,0.0,0.0,,109794.0,145.57464376082035,111.53082051979861,272.94869638351554,145.26243860773008,104.0,False,False,
P2_OUT,15,12,499,425.4505,183.9581,514.1045,0.42224705,132.814,4,top,14035.0,12680.0,0.9034556465977912,226079.0,210.82768682120278,151.20795574908792,311.00358056265986,210.25462065400026,152.0,False,True,0.0024929332430886487
P2_OUT,15,13,498,509.9245,218.9535,605.5109,0.41633744,132.988,4,top,0.0,0.0,,74933.0,162.4437904649794,117.00632295719845,266.2030456852792,161.92996591261232,104.0,False,False,
P2_OUT,15,14,497,288.7689,125.7253,365.5676,0.43329878,132.325,4,top,0.0,0.0,,45258.0,139.22825376062787,110.79693132452168,262.11851851851856,136.79999999999998,104.0,False,False,
P2_OUT,15,15,496,373.2427,160.7225,456.9612,0.42361489,132.675,4,top,0.0,0.0,,171765.0,122.13631620685337,98.30817125419968,165.96233851543684,121.27486835806606,88.0,False,False,
P2_OUT,15,16,495,457.7147,195.7159,548.3633,0.41652741,132.895,4,top,2433.0,2293.0,0.9424578709412248,179303.0,223.53568555338467,153.3923483558821,344.9140356361363,223.44535969247664,168.0,False,True,0.004721205254545939
P2_OUT,15,17,494,542.1859,230.708,636.8928,0.41175612,133.033,4,top,0.0,0.0,,50541.0,154.51971794202143,119.41958195819582,312.1809523809524,150.20073891625617,120.0,False,False,
P2_OUT,15,18,493,204.2918,90.7201,274.1432,0.44121948,131.657,4,top,0.0,0.0,,33354.0,148.32882414151925,104.88751654168505,262.7092651757189,147.51945854483924,88.0,False,False,
P2_OUT,15,19,492,321.033,137.4891,399.8195,0.42554056,132.482,4,top,0.0,0.0,,79535.0,157.24229897319643,125.39141385231827,246.83004926108373,156.10692771084337,120.0,False,False,
P2_OUT,15,20,491,405.5031,172.48,491.211,0.41621153,132.761,4,top,20124.0,17380.0,0.8636453985291195,203369.0,153.20635584361278,115.29826331945671,217.1994240460763,152.03187837175085,104.0,False,True,0.002419053517991668
P2_OUT,15,21,490,489.9731,207.47,582.6228,0.41110795,132.948,4,top,0.0,0.0,,83824.0,165.2566305565932,111.06142649199418,275.5376344086022,164.57626016260164,88.0,False,False,
P2_OUT,15,22,489,236.5619,102.496,308.4025,0.43307283,131.956,4,top,0.0,0.0,,49924.0,137.80133591898297,104.7622641509434,223.11380880121393,136.75,104.0,False,False,
P2_OUT,15,23,488,152.0896,67.4964,216.9946,0.44714416,130.813,4,top,0.0,0.0,,30111.0,235.4077669902913,122.20995399414471,428.77858880778587,235.25814536340854,104.0,False,False,
P2_OUT,15,24,487,522.2268,219.2207,616.8913,0.40754471,132.998,4,top,0.0,0.0,,60696.0,162.94028230184583,124.50767502807938,296.60024600246004,162.44735652959784,104.0,False,False,
P2_OUT,15,25,486,437.7578,184.2333,525.472,0.41102263,132.841,4,top,1830.0,1722.0,0.940983606557377,201782.0,216.2907455976021,148.7414396095974,324.71449126413154,215.45678180286436,136.0,False,True,0.005508734185011963
P2_OUT,15,26,485,353.2891,149.2459,434.0562,0.41580497,132.599,4,top,0.0,0.0,,112735.0,134.28148703062084,103.52899351429258,237.57212543554004,133.1182664428506,104.0,False,False,
P2_OUT,15,27,484,268.8204,114.2595,342.6535,0.42440302,132.193,4,top,0.0,0.0,,39069.0,138.92857142857144,112.20046838407494,205.22299651567943,137.3089005235602,104.0,False,False,
P2_OUT,15,28,483,184.3524,79.2749,251.2362,0.43389969,131.391,4,top,0.0,0.0,,31649.0,171.05830258302584,101.61383285302594,305.68014059753955,170.6687898089172,88.0,False,False,
P2_OUT,15,29,482,470.0076,195.9825,559.7346,0.40623825,132.911,4,top,0.0,0.0,,94922.0,177.34876489894629,126.74825500232666,267.4969879518072,177.20717377860234,104.0,False,False,
P2_OUT,15,30,481,385.5391,160.998,468.3114,0.40925616,132.706,4,top,2845.0,2072.0,0.7282952548330405,146014.0,135.0889277849924,107.12155289735692,187.2368856985091,134.05186541983997,104.0,False,True,0.00833990716592698
P2_OUT,15,31,480,110.37,48.8092,171.124,0.42762377,144.013,4,top,0.0,0.0,,16171.0,144.03728362183756,114.51825340014317,248.52380952380955,144.03389830508473,104.0,False,False,
P2_OUT,15,32,479,502.2533,207.729,594.0039,0.40268428,132.96,4,top,0.0,0.0,,71051.0,192.96947040498443,132.9584980237154,388.326213592233,192.79958890030832,104.0,False,False,
P2_OUT,15,33,478,301.0708,126.0152,376.8862,0.41328435,132.379,4,top,0.0,0.0,,63955.0,115.63136337039205,92.88975089399358,184.9816106531389,115.17686204248784,88.0,False,False,
P2_OUT,15,34,477,417.7845,172.7454,502.5742,0.40435951,132.796,4,top,6849.0,5941.0,0.8674259015914733,174802.0,188.80515713134568,139.42892892892894,275.41143542582967,188.2468761832639,120.0,False,True,0.004097622549977125
P2_OUT,15,35,476,534.4961,219.4728,628.2759,0.3999285,133.016,4,top,0.0,0.0,,57070.0,131.12668957617413,95.27808206877974,236.15538290788018,130.87447346251054,88.0,False,False,
P2_OUT,15,36,475,216.603,91.037,285.4729,0.4216318,131.773,4,top,0.0,0.0,,40198.0,126.85225995052843,96.8917238080051,212.6228373702422,126.45520581113801,88.0,False,False,
P2_OUT,15,37,474,333.3152,137.765,411.1436,0.40667697,132.519,4,top,0.0,0.0,,86053.0,140.4496700659868,108.93279499869757,234.7105439892545,139.63411035703749,104.0,False,False,
P2_OUT,15,38,473,450.026,184.4902,536.8419,0.40076595,132.866,4,top,0.0,0.0,,177559.0,280.15076717811877,183.49292064537372,466.38632750397454,279.2812872467223,1016.0,False,False,
P2_OUT,15,39,472,248.8458,102.7896,319.7227,0.41293591,132.053,4,top,0.0,0.0,,45785.0,130.81147155618243,100.44788232310424,197.77963272120198,130.3259432127577,88.0,False,False,
P2_OUT,15,40,471,365.5552,149.5104,445.4081,0.40219162,132.637,4,top,0.0,0.0,,96341.0,133.81238568068983,102.40694557743852,283.5441176470588,133.08085883965282,104.0,False,False,
P2_OUT,15,41,470,482.2646,196.2323,571.1112,0.39740381,132.927,4,top,0.0,0.0,,66757.0,156.48637117800428,107.84801648634725,254.29032258064512,156.01505376344087,88.0,False,False,
P2_OUT,15,42,469,132.1373,56.0728,194.0145,0.42428478,130.257,4,top,0.0,0.0,,20013.0,182.86881382560878,127.23195642305946,285.0514705882353,182.75734157650695,104.0,False,False,
P2_OUT,15,43,468,514.5007,207.9728,605.3846,0.39487978,132.985,4,top,0.0,0.0,,73521.0,168.96975337366217,119.98597672135746,299.50050352467275,167.93904448105437,104.0,False,False,
P2_OUT,15,44,467,397.7919,161.253,479.6778,0.39872707,132.732,4,top,7738.0,6502.0,0.8402688033083484,156600.0,134.69355888093688,104.60668459469842,186.0953084595493,133.8557383835248,104.0,False,True,0.0041647566457989295
P2_OUT,15,45,466,281.0835,114.5361,353.9704,0.40415423,132.26,4,top,0.0,0.0,,43957.0,124.8702928870293,99.63083257090577,185.69958275382476,124.2463503649635,88.0,False,False,
P2_OUT,15,46,465,546.7347,219.7111,636.5119,0.39269264,133.031,4,top,0.0,0.0,,41965.0,138.40555422552072,106.92505064145847,234.80124223602482,137.23842592592592,104.0,False,False,
P2_OUT,15,47,464,430.0258,172.9925,513.9483,0.39567519,132.811,4,top,14.0,12.0,0.8571428571428571,149961.0,195.548988406456,138.4271650258635,287.0566463552246,195.14567801732824,120.0,False,False,0.09352195295828246
P2_OUT,15,48,463,164.3761,67.8288,228.2752,0.41708583,131.037,4,top,0.0,0.0,,25893.0,221.69213226909918,128.73548387096773,370.7368421052632,221.54963680387408,104.0,False,False,
P2_OUT,15,49,462,313.3171,126.278,388.2302,0.39818241,132.439,4,top,0.0,0.0,,72597.0,116.34987334227388,89.76509787588505,202.7650643195667,115.75314991000258,88.0,False,False,
P2_OUT,15,50,461,462.2575,184.7307,548.2195,0.39246467,132.884,4,top,0.0,0.0,,93607.0,185.62610163135196,122.26097986364357,288.3047115808014,184.85582177385456,88.0,False,False,
P2_OUT,15,51,460,345.5482,138.0173,422.5073,0.39617858,132.563,4,top,0.0,0.0,,71252.0,156.34157883415787,113.92781690140845,338.69206349206354,155.3606110201855,104.0,False,False,
P2_OUT,15,52,459,494.4877,196.4671,582.493,0.39011819,132.949,4,top,0.0,0.0,,64760.0,196.4232258064516,134.06069802731412,364.9940828402367,195.70594594594593,1016.0,False,False,
P2_OUT,15,53,458,196.6092,79.5745,262.5279,0.40824674,131.527,4,top,0.0,0.0,,27926.0,174.93218514531753,123.81818181818181,269.29793510324487,174.79757575757577,104.0,False,False,
P2_OUT,15,54,457,526.7163,208.2026,616.7684,0.38800692,133.001,4,top,0.0,0.0,,47707.0,144.89301246738185,108.31605562579014,241.95973154362414,144.74109720885465,104.0,False,False,
P2_OUT,15,55,456,377.7769,149.7542,456.7782,0.39296289,132.679,4,top,0.0,0.0,,93479.0,125.10875742702144,98.78643380818978,189.3871582962492,124.59126903553299,88.0,False,False,
P2_OUT,15,56,455,228.8381,91.3143,296.7876,0.40143896,131.873,4,top,0.0,0.0,,50180.0,102.96426479203281,77.97482517482517,172.90191082802548,102.6962072850169,72.0,False,False,
P2_OUT,15,57,454,410.0043,161.4895,491.0474,0.38951396,132.77,4,top,94.0,67.0,0.7127659574468085,126467.0,156.7711503347535,119.79908675799086,223.48162040510127,156.08197932053176,104.0,False,False,0.04666889338869012
P2_OUT,15,58,453,261.0647,103.051,331.0554,0.39683326,132.134,4,top,0.0,0.0,,50022.0,117.63255063631475,90.88153441143287,177.48662328271874,116.87950310559006,88.0,False,False,
P2_OUT,15,59,452,442.2302,173.2231,525.3226,0.38712481,132.837,4,top,0.0,0.0,,115658.0,182.98561471155273,126.48675599875351,278.420233463035,182.13812874641647,104.0,False,False,
P2_OUT,15,60,451,293.2894,114.7849,365.3304,0.39367364,132.313,4,top,0.0,0.0,,43377.0,113.10963714397191,90.78060219491604,177.81234567901237,112.96932515337423,88.0,False,False,
P2_OUT,15,61,450,474.4551,184.9561,559.5948,0.38449843,132.91,4,top,0.0,0.0,,60963.0,149.6023793182338,106.4635216675809,241.13989637305698,148.68221797323136,88.0,False,False,
P2_OUT,15,62,449,325.513,126.5175,399.602,0.3901886,132.478,4,top,0.0,0.0,,55688.0,119.26285423383676,93.33632519202555,201.3846153846154,118.25730994152048,88.0,False,False,
P2_OUT,15,63,448,506.6791,196.688,593.8713,0.38240503,132.969,4,top,0.0,0.0,,63677.0,150.66385174759557,105.38371444506413,259.2393822393822,150.3185053380783,88.0,False,False,
P2_OUT,16,0,575,310.9691,158.9452,400.0437,0.47913203,132.47,5,bot,0.0,0.0,,0.0,,,,,,False,False,
P2_OUT,16,1,574,402.8835,205.1091,502.9053,0.47670645,132.795,5,bot,24045.0,21633.0,0.8996880848409232,301981.0,125.54392557350222,92.11979652395082,181.27317448116833,125.32849891225526,88.0,False,True,0.0019373578854896456
P2_OUT,16,2,573,494.7985,251.2725,605.7661,0.47508474,132.99,5,bot,0.0,0.0,,141180.0,158.08830788920378,113.303032560912,235.72315810838236,153.465,88.0,False,False,
P2_OUT,16,3,572,291.1408,147.5139,377.1784,0.47809878,132.373,5,bot,0.0,0.0,,61627.0,127.20603359616045,94.95385039261606,286.83154121863794,127.07360000000001,88.0,False,False,
P2_OUT,16,4,571,383.0551,193.6743,480.0419,0.47560483,132.733,5,bot,28871.0,22639.0,0.7841432579404939,246287.0,112.8074592660032,89.37387332272931,154.75976361767727,112.6434182218442,88.0,False,True,0.0024213055749813784
P2_OUT,16,5,570,474.9701,239.835,582.9013,0.4731963,132.955,5,bot,0.0,0.0,,262135.0,163.51299455757353,105.81251992772877,250.23272905438512,162.23707165109033,120.0,False,False,
P2_OUT,16,6,569,199.2298,101.3555,274.3062,0.48194867,131.656,5,bot,0.0,0.0,,48428.0,102.6520694259012,77.22475748053013,184.07108680792894,101.6566757493188,72.0,False,False,
P2_OUT,16,7,568,271.3081,136.0823,354.3101,0.47625445,132.263,5,bot,0.0,0.0,,58405.0,108.05272895467161,88.65425229930737,166.52515201768932,107.0627711888921,88.0,False,False,
P2_OUT,16,8,567,363.2228,182.2385,457.1716,0.472062,132.669,5,bot,0.0,0.0,,205842.0,106.20130881894671,87.13083432247196,144.39952868666728,104.98869630746043,88.0,False,False,
P2_OUT,16,9,566,455.1383,228.397,560.0348,0.4707265,132.906,5,bot,2554.0,2359.0,0.9236491777603759,295339.0,162.35939220436026,113.47246503496504,246.5557077625571,161.3833440929632,88.0,False,True,0.005254724323363568
P2_OUT,16,10,565,179.3944,89.9328,251.427,0.47755332,131.385,5,bot,0.0,0.0,,40387.0,127.61768646717283,87.75569208529093,241.50169109357384,127.52759381898454,88.0,False,False,
P2_OUT,16,11,564,435.3034,216.9582,537.1713,0.46968323,132.866,5,bot,23016.0,22029.0,0.9571167883211679,386579.0,183.13383923824253,115.99933263816476,279.6950773558368,179.58007082908844,72.0,False,True,0.0013353994544491909
P2_OUT,16,12,563,527.2203,263.1166,636.8739,0.46850591,133.028,5,bot,0.0,0.0,,98813.0,118.3298275136727,87.9858479251619,173.511463109629,117.86703061025541,88.0,False,False,
P2_OUT,16,13,562,343.3865,170.8021,434.3055,0.47053923,132.603,5,bot,0.0,0.0,,163442.0,104.8165854045269,84.442729684109,143.0521358896737,103.09279928566873,88.0,False,False,
P2_OUT,16,14,561,251.4687,124.6507,331.4331,0.47174457,132.122,5,bot,0.0,0.0,,39915.0,117.36695112490303,95.19622678588975,184.21589793915604,116.7925181849671,88.0,False,False,
P2_OUT,16,15,560,507.3833,251.6753,617.1677,0.46669874,133.001,5,bot,0.0,0.0,,104073.0,160.25323227819885,117.1427590351103,244.15757575757576,160.23164763458402,104.0,False,False,
P2_OUT,16,16,559,415.4646,205.5186,514.3033,0.467269,132.819,5,bot,22333.0,20161.0,0.9027448170868222,299970.0,189.61177649976256,134.20691922097132,278.57877813504825,189.42291049874743,120.0,False,True,0.001982738074313901
P2_OUT,16,17,558,159.5497,78.5123,228.5525,0.47654011,131.035,5,bot,0.0,0.0,,63443.0,78.6403946571272,71.31927415399706,189.73809523809518,78.43978017612395,72.0,False,False,
P2_OUT,16,18,557,323.5446,159.3648,411.4345,0.46754182,132.519,5,bot,0.0,0.0,,107291.0,94.01116559056265,76.02365189837606,133.54024276377217,93.38323965252938,72.0,False,False,
P2_OUT,16,19,556,487.5426,240.2333,594.2998,0.46415152,132.967,5,bot,0.0,0.0,,179244.0,188.6029173419773,135.14169813959995,275.3733255678509,188.10915166140708,136.0,False,False,
P2_OUT,16,20,555,231.6214,113.2187,308.5556,0.46771551,131.964,5,bot,0.0,0.0,,52248.0,114.55584836813298,86.83743061062648,192.0727272727273,114.07710049423393,88.0,False,False,
P2_OUT,16,21,554,395.621,194.0778,491.4316,0.46353809,132.765,5,bot,42473.0,37848.0,0.8911072916911921,306668.0,125.21971360801196,91.86219756654701,179.59281437125748,124.81010616852575,72.0,False,True,0.0015114992276364686
P2_OUT,16,22,553,303.6962,147.927,388.5614,0.46417088,132.425,5,bot,0.0,0.0,,80168.0,115.373814509176,91.6475884244373,193.5977175463623,114.73318698862502,88.0,False,False,
P2_OUT,16,23,552,467.6979,228.7903,571.4307,0.4613699,132.928,5,bot,0.0,0.0,,265551.0,167.94586466165413,115.74189526184539,258.3875719833936,166.75703324808183,88.0,False,False,
P2_OUT,16,24,551,139.6894,67.0966,205.6631,0.47148816,130.567,5,bot,0.0,0.0,,131744.0,73.85968247395515,68.9003284427672,78.81903650514309,69.5993928575246,72.0,False,False,
P2_OUT,16,25,550,375.772,182.6364,468.559,0.45995452,132.7,5,bot,12939.0,10851.0,0.8386274055182008,260859.0,110.09893496242634,83.81099640304573,155.36802588996764,109.59430799753711,72.0,False,True,0.0032340673476667584
P2_OUT,16,26,549,211.7641,101.7869,285.6728,0.46293946,131.766,5,bot,0.0,0.0,,91571.0,77.2110475709415,70.603359009976,107.85052673424767,76.50779308786989,72.0,False,False,
P2_OUT,16,27,548,447.8485,217.3458,548.5628,0.45866452,132.884,5,bot,25696.0,23557.0,0.9167574719800747,303453.0,190.5842461606209,131.31629563668744,285.7204450625869,190.3242116236643,104.0,False,True,0.0017233246411164276
P2_OUT,16,28,547,519.9252,252.0558,628.5655,0.45797396,133.027,5,bot,0.0,0.0,,91890.0,141.06081504702195,103.07906736642863,225.08021390374333,140.53254437869822,88.0,False,False,
P2_OUT,16,29,546,283.8403,136.488,365.6792,0.45846911,132.322,5,bot,0.0,0.0,,72441.0,102.8466796875,80.37054377633604,170.1007194244604,101.79661016949153,72.0,False,False,
P2_OUT,16,30,545,355.917,171.1932,445.6877,0.45725139,132.634,5,bot,0.0,0.0,,213499.0,104.02532396874074,83.12169401442613,143.01430299580161,102.74492850016628,88.0,False,False,
P2_OUT,16,31,544,427.994,205.9001,525.6925,0.45586576,132.835,5,bot,12695.0,11956.0,0.9417881055533674,331702.0,199.21181377522265,137.08129658519675,298.76787678767874,199.56038761522098,152.0,False,True,0.002078098431524385
P2_OUT,16,32,543,500.0709,240.6084,605.696,0.4551474,132.987,5,bot,0.0,0.0,,128859.0,156.69157560803666,112.09953190440996,226.41920668058455,156.1642827952595,88.0,False,False,
P2_OUT,16,33,542,191.8934,90.3556,262.7832,0.45710851,131.527,5,bot,0.0,0.0,,531.0,1015.7674418604652,1011.6511627906976,1019.8837209302326,1019.8837209302326,1016.0,False,False,
P2_OUT,16,34,541,263.9748,125.0482,342.7984,0.4536877,132.204,5,bot,0.0,0.0,,59239.0,108.9672619047619,86.8584449661649,164.478354978355,107.89388851578241,88.0,False,False,
P2_OUT,16,35,540,408.1335,194.453,502.8218,0.45321524,132.792,5,bot,35839.0,33400.0,0.9319456458048495,319141.0,151.8569517524302,104.18113578168297,223.91461703227714,151.58110317528613,72.0,False,True,0.0013302868826334526
P2_OUT,16,36,539,480.2117,229.1595,582.8259,0.45237671,132.947,5,bot,0.0,0.0,,215310.0,179.2300469483568,123.2362256879629,268.2241324418975,178.93168384879723,88.0,False,False,
P2_OUT,16,37,538,336.0544,159.7486,422.8108,0.45285092,132.565,5,bot,0.0,0.0,,188236.0,99.36309591427164,78.2879619952494,140.66688896298766,98.9528559079726,72.0,False,False,
P2_OUT,16,38,537,119.8071,55.688,182.8116,0.4752523,129.907,5,bot,0.0,0.0,,75118.0,71.91228070175438,63.75791902664149,79.94801026957639,69.02524034378503,72.0,False,False,
P2_OUT,16,39,536,388.2657,183.0042,479.9491,0.45024862,132.738,5,bot,40099.0,35083.0,0.8749095987431108,280583.0,126.49748286528781,93.79076381642216,179.0423566878981,126.28163152053274,88.0,False,True,0.0016520637896924831
P2_OUT,16,40,535,460.3467,217.7091,559.9562,0.4498317,132.907,5,bot,3127.0,2936.0,0.93891909178126,261571.0,156.92373485388453,107.91973031925441,240.33169083485853,156.70678003052103,88.0,False,True,0.004282554390107116
P2_OUT,16,41,534,532.4268,252.4152,637.0407,0.44944227,133.034,5,bot,0.0,0.0,,67466.0,121.8949720670391,91.6307643463767,204.42961974649762,120.91539708265802,88.0,False,False,
P2_OUT,16,42,533,316.1831,148.3025,399.933,0.44916351,132.48,5,bot,0.0,0.0,,88308.0,113.38472727272728,86.55922072171795,186.038513210927,113.13176144244105,88.0,False,False,
P2_OUT,16,43,532,244.0974,113.6066,319.9058,0.44582366,132.046,5,bot,0.0,0.0,,52446.0,103.44593232541396,82.53560477001703,157.4632386107352,102.21538461538461,88.0,False,False,
P2_OUT,16,44,531,172.0044,78.9249,239.8734,0.44653117,131.224,5,bot,0.0,0.0,,30713.0,170.15384615384616,102.00695652173913,303.3155416012559,169.18320610687024,88.0,False,False,
P2_OUT,16,45,530,512.5581,240.9619,617.0909,0.44676582,133.007,5,bot,0.0,0.0,,116053.0,120.59331504622574,83.11997806115453,194.12616690240455,119.74720644806742,72.0,False,False,
P2_OUT,16,46,529,440.4752,206.2563,537.0817,0.44607034,132.868,5,bot,15581.0,14381.0,0.9229831204672357,289199.0,204.24431543299468,143.4311561036024,302.72662420382164,203.36537313432837,152.0,False,True,0.002135955373849922
P2_OUT,16,47,528,368.39,171.5535,457.0653,0.4442376,132.674,5,bot,0.0,0.0,,219719.0,94.67898538551991,75.23686603084055,131.20237922530103,94.33117079973321,72.0,False,False,
P2_OUT,16,48,527,296.301,136.8547,377.0409,0.44026437,132.386,5,bot,0.0,0.0,,81572.0,100.76510220395112,77.80588780509335,180.16179215930305,100.04497867390461,72.0,False,False,
P2_OUT,16,49,526,492.683,229.5066,594.2195,0.44372754,132.966,5,bot,0.0,0.0,,125351.0,162.75697008274983,114.73519736842105,260.04051863857376,162.49148642429822,88.0,False,False,
P2_OUT,16,50,525,224.2045,102.1643,297.0092,0.4380726,131.873,5,bot,0.0,0.0,,56293.0,103.86093211449123,80.6050450129245,163.43617998163452,102.7720113607023,72.0,False,False,
P2_OUT,16,51,524,420.5957,194.8022,514.201,0.44061755,132.825,5,bot,21218.0,19897.0,0.9377415402017155,299220.0,203.31848341232225,141.04521919226787,302.06178545366095,202.22254715601696,152.0,False,True,0.0016587790480186398
P2_OUT,16,52,523,348.5044,160.1005,434.1793,0.43695418,132.602,5,bot,0.0,0.0,,178722.0,101.07413354219699,82.18257359363565,139.66921606118547,100.63969061090025,88.0,False,False,
P2_OUT,16,53,522,276.4057,125.4044,354.151,0.43408125,132.259,5,bot,0.0,0.0,,57353.0,69.98751719030996,53.55376896572569,113.00619834710743,69.39664378337147,56.0,False,False,
P2_OUT,16,54,521,472.8009,218.0495,571.3375,0.43785682,132.924,5,bot,0.0,0.0,,188255.0,150.1712874004941,106.91424802110818,226.7419412288513,149.12410256410257,88.0,False,False,
P2_OUT,16,55,520,400.7076,183.3456,491.3176,0.43415054,132.763,5,bot,33654.0,30093.0,0.8941879122838295,267159.0,131.40976281788733,98.80934838348414,185.47399653836644,130.82485039175768,88.0,False,True,0.0016767321582920208
P2_OUT,16,56,519,328.6075,148.6451,411.2975,0.43333234,132.517,5,bot,0.0,0.0,,98885.0,113.97791903646704,90.71296143022678,186.17596034696408,113.7057126370456,88.0,False,False,
P2_OUT,16,57,518,525.0057,241.2954,628.4762,0.4359027,133.019,5,bot,0.0,0.0,,92394.0,114.90998283051263,80.64182842830307,202.8217391304348,114.54101520668237,72.0,False,False,
P2_OUT,16,58,517,452.9108,206.5899,548.4583,0.43230306,132.888,5,bot,15581.0,14447.0,0.9272190488415377,257253.0,162.9515784178091,108.9731413736134,249.93287546974213,162.60177383592017,72.0,False,True,0.0020811451551309376
P2_OUT,16,59,516,380.8094,171.8864,468.4374,0.43056115,132.706,5,bot,8165.0,6370.0,0.7801592161665646,206908.0,93.2478108818825,73.51384450525268,132.51749095295537,92.98324022346368,72.0,False,True,0.00458318786144457
P2_OUT,16,60,515,433.0117,195.1277,525.5807,0.4292874,132.849,5,bot,8342.0,7812.0,0.936466075281707,277078.0,175.76781361600817,118.7215560381456,264.84750272100615,175.7578051087985,120.0,False,True,0.002670630311082607
P2_OUT,16,61,514,505.1138,229.8337,605.5978,0.42974156,132.988,5,bot,0.0,0.0,,91107.0,119.98592633315009,86.03854197789065,184.19994414967886,119.00945763366146,72.0,False,False,
P2_OUT,16,62,513,485.2135,218.3691,582.7228,0.42794619,132.95,5,bot,0.0,0.0,,131043.0,142.41695447409734,101.02130681818181,214.77538617371488,141.94790394790397,88.0,False,False,
P2_OUT,16,63,512,537.4159,241.6109,637.3213,0.43499129,133.036,5,bot,0.0,0.0,,62408.0,101.97759818516943,77.27009962115898,161.36475869809203,101.78326474622772,72.0,False,False,
P2_OUT,17,0,639,510.3199,294.5593,637.5358,0.51844433,133.041,5,top,0.0,0.0,,0.0,,,,,,False,False,
P2_OUT,17,1,638,470.731,271.7025,594.4374,0.52367274,132.963,5,top,0.0,0.0,,97390.0,242.35458703255316,152.157591854803,397.40013183915624,242.17063492063494,1016.0,False,False,
P2_OUT,17,2,637,450.9364,260.2742,571.5791,0.52367604,132.931,5,top,0.0,0.0,,118805.0,227.37203901532746,145.6818977869766,371.95373493975904,227.47202295552367,1016.0,False,False,
P2_OUT,17,3,636,431.1417,248.8462,548.7207,0.52259618,132.89,5,top,11067.0,10035.0,0.9067497966928707,201571.0,214.51713782748266,143.22334914264866,334.15655312429504,213.91059353869272,120.0,False,True,0.002764099498370893
P2_OUT,17,4,635,411.3474,237.4175,525.8622,0.5219081,132.842,5,top,11725.0,3497.0,0.2982515991471215,110862.0,127.89098472351718,100.40085733702755,184.84323432343234,127.88368533823079,88.0,False,True,0.004224989953466374
P2_OUT,17,5,634,503.3701,283.6772,628.7253,0.51966039,133.023,5,top,0.0,0.0,,72550.0,153.0061699098244,112.44581737303842,229.49761222540593,151.3153430994603,88.0,False,False,
P2_OUT,17,6,633,351.9643,203.1326,457.2843,0.52369888,132.673,5,top,0.0,0.0,,115128.0,104.5751575659546,84.72880920013228,145.029142955682,103.1688893033666,88.0,False,False,
P2_OUT,17,7,632,483.5741,272.2493,605.8635,0.51848339,132.986,5,top,0.0,0.0,,99760.0,192.87878137738682,123.63789220837712,316.53042121684865,192.7647498132935,88.0,False,False,
P2_OUT,17,8,631,312.3758,180.2762,411.5656,0.52227221,132.52,5,top,0.0,0.0,,25897.0,119.47784810126582,94.57040538604785,238.2314540059347,117.73195876288659,88.0,False,False,
P2_OUT,17,9,630,463.7775,260.8215,583.0038,0.51790765,132.952,5,top,0.0,0.0,,142493.0,257.80672626649636,159.5119312758511,423.45161290322585,257.6304264310411,1016.0,False,False,
P2_OUT,17,10,629,443.9808,249.3942,560.1469,0.51848643,132.904,5,top,366.0,349.0,0.953551912568306,213808.0,178.58628019323672,116.1396244583534,288.04753820033955,178.4128357670813,88.0,False,False,0.011000579046561576
P2_OUT,17,11,628,272.7878,157.4203,365.8455,0.52211296,132.326,5,top,0.0,0.0,,46821.0,127.90521721055913,96.78934358692666,289.30973451327435,127.8803777544596,88.0,False,False,
P2_OUT,17,12,627,424.1838,237.9667,537.2865,0.5178369,132.864,5,top,18774.0,17339.0,0.9235645041014169,287618.0,194.1168132300827,132.44755907003173,295.82023653088044,193.86537126995142,104.0,False,True,0.001939111373047779
P2_OUT,17,13,626,252.9942,145.992,342.985,0.51994743,132.196,5,top,0.0,0.0,,54023.0,114.29869502174964,82.79850746268657,248.34622467771644,113.85636221701796,72.0,False,False,
P2_OUT,17,14,625,404.3868,226.5392,514.4259,0.51706526,132.82,5,top,13462.0,12046.0,0.8948150349130887,281752.0,145.69053784437747,106.91575710064524,212.36764579205789,145.45608775137111,104.0,False,True,0.0026441657577284798
P2_OUT,17,15,624,384.5895,215.1119,491.5663,0.51676386,132.757,5,top,17317.0,12110.0,0.6993128139978056,201291.0,131.93850061227266,104.78704238364708,184.84433293334789,131.27302879541685,104.0,False,True,0.003484631634744116
P2_OUT,17,16,623,213.4071,123.1366,297.2648,0.51753169,131.871,5,top,0.0,0.0,,26419.0,122.38945108862312,98.09413131900058,180.3770028275212,120.24088210347752,88.0,False,False,
P2_OUT,17,17,622,364.7919,203.6852,468.702,0.51472718,132.706,5,top,6915.0,3495.0,0.5054229934924078,123215.0,132.76895148669797,108.85203518617776,180.27603618767097,131.90446904469044,104.0,False,True,0.006012406925802963
P2_OUT,17,18,621,516.1648,284.1931,637.2349,0.50662851,133.037,5,top,0.0,0.0,,62309.0,150.54531430775162,117.18629503139805,220.67976244860668,149.80636332535067,104.0,False,False,
P2_OUT,17,19,620,344.9941,192.2579,445.8448,0.5153806,132.637,5,top,0.0,0.0,,108088.0,122.98223408311094,95.42127813106029,183.18962075848304,122.10744985673352,88.0,False,False,
P2_OUT,17,20,619,496.3645,272.7647,617.2701,0.50590711,133.004,5,top,0.0,0.0,,86230.0,172.3388250956898,123.01016586409845,260.34982332155477,171.86932031543373,104.0,False,False,
P2_OUT,17,21,618,325.1958,180.8313,422.9826,0.51409589,132.563,5,top,0.0,0.0,,71217.0,117.91724955542382,94.92661014093997,170.82553729456384,117.24065518689626,88.0,False,False,
P2_OUT,17,22,617,476.5642,261.3363,594.4102,0.50523202,132.972,5,top,0.0,0.0,,136927.0,242.86989657049537,153.71832547823675,377.4447569304942,242.72407853944196,104.0,False,False,
P2_OUT,17,23,616,173.8214,100.2819,251.5458,0.51278907,131.388,5,top,0.0,0.0,,27819.0,185.41542816702054,118.26344086021506,310.4121621621622,184.820987654321,88.0,False,False,
P2_OUT,17,24,615,456.7627,249.9082,571.5493,0.50450225,132.932,5,top,1.0,0.0,0.0,216272.0,242.4156862745098,158.80532281912272,389.76576576576576,242.22713738834537,136.0,False,False,0.0
P2_OUT,17,25,614,305.3971,169.4047,400.1198,0.51250005,132.48,5,top,0.0,0.0,,51251.0,125.92686170212767,97.9796437659033,232.1580381471389,125.43374485596708,88.0,False,False,
P2_OUT,17,26,613,436.9609,238.4796,548.6888,0.50327036,132.883,5,top,17537.0,16283.0,0.9284940411700975,291675.0,215.3348326498214,148.20981353277074,325.6339299142728,214.50598451067825,136.0,False,True,0.0019457320234921621
P2_OUT,17,27,612,285.5979,157.9788,377.2573,0.51183951,132.379,5,top,0.0,0.0,,42918.0,128.87058823529412,99.37180500658762,228.18030050083473,128.7132530120482,88.0,False,False,
P2_OUT,17,28,611,417.1586,227.0515,525.8294,0.50285567,132.843,5,top,12517.0,11322.0,0.9045298394183909,294494.0,177.91167352746862,128.785999680358,259.32967930029156,177.75940130963517,104.0,False,True,0.0026266073158851774
P2_OUT,17,29,610,265.7979,146.5533,354.3998,0.51281127,132.259,5,top,0.0,0.0,,57349.0,138.61740763932372,95.81635802469135,373.3377926421405,137.41302681992337,88.0,False,False,
P2_OUT,17,30,609,397.3555,215.6236,502.9701,0.50245312,132.8,5,top,20932.0,17752.0,0.8480794955092681,283580.0,135.06310589458826,101.95862068965518,190.0280338426569,134.11329004050666,88.0,False,True,0.002480967730407666
P2_OUT,17,31,608,245.9971,135.1281,331.5393,0.51292218,132.124,5,top,0.0,0.0,,46805.0,134.0670349907919,96.19996960948184,350.5056179775281,133.13466334164588,88.0,False,False,
P2_OUT,17,32,607,377.5512,204.1957,480.1081,0.50090133,132.737,5,top,19454.0,15953.0,0.8200370103834687,246153.0,120.36500032335252,94.53362312540752,166.18240802182407,119.41929562923023,88.0,False,True,0.0027542532506444825
P2_OUT,17,33,606,226.1952,123.7039,308.6759,0.51214774,131.968,5,top,0.0,0.0,,30954.0,150.09601634320734,112.49967804249839,326.59375,149.0362869198312,104.0,False,False,
P2_OUT,17,34,605,509.1055,273.251,628.6794,0.49583742,133.025,5,top,0.0,0.0,,94433.0,141.30456852791878,98.97939077108676,222.4739059967585,140.6070287539936,88.0,False,False,
P2_OUT,17,35,604,357.7461,192.7676,457.2448,0.4990556,132.667,5,top,0.0,0.0,,137678.0,137.7408414239482,110.54263139814496,202.62854629425993,136.94646243617797,104.0,False,False,
P2_OUT,17,36,603,489.2988,261.821,605.8185,0.49509531,132.993,5,top,0.0,0.0,,124824.0,206.20216919739696,140.3515060990789,317.2655367231638,205.90918264379414,120.0,False,False,
P2_OUT,17,37,602,337.94,181.34,434.3842,0.4992942,132.599,5,top,0.0,0.0,,101868.0,124.88345558272209,100.74782022255407,178.3233342182108,124.32885320300227,104.0,False,False,
P2_OUT,17,38,601,469.4907,250.391,582.9573,0.49393123,132.951,5,top,0.0,0.0,,225591.0,240.5835189309577,157.41803687095168,368.32081632653063,240.52684496279912,88.0,False,False,
P2_OUT,17,39,600,206.3922,112.2805,285.825,0.51472664,131.772,5,top,0.0,0.0,,26320.0,111.77604306864063,86.94802172226532,178.97397769516732,111.72667542706964,88.0,False,False,
P2_OUT,17,40,599,449.6822,238.9607,560.0964,0.49310032,132.906,5,top,536.0,486.0,0.9067164179104478,267207.0,151.71913681673786,102.92028173523292,235.83224231665372,150.94608181370134,88.0,False,True,0.012561917945385302
P2_OUT,17,41,598,318.1322,169.9123,411.5216,0.49795991,132.521,5,top,0.0,0.0,,56605.0,132.69273021001615,106.52260536398467,198.22608695652175,131.73559670781893,104.0,False,False,
P2_OUT,17,42,597,186.5871,100.8585,262.953,0.51196671,131.525,5,top,0.0,0.0,,1473367.0,171.77835800807537,125.40577599944969,214.00699944076635,171.3507248095337,88.0,False,False,
P2_OUT,17,43,596,429.8721,227.5304,537.234,0.4913602,132.869,5,top,12648.0,11749.0,0.928921568627451,304411.0,208.31298304475467,149.49640670747937,306.2909560723514,208.28543328597968,120.0,False,True,0.0022847964345829906
P2_OUT,17,44,595,298.3225,158.485,388.6581,0.49658507,132.432,5,top,0.0,0.0,,45769.0,120.76749116607773,97.0524193548387,198.84931506849315,119.37136066547832,88.0,False,False,
P2_OUT,17,45,594,166.7797,89.4384,240.1019,0.51473793,131.22,5,top,0.0,0.0,,35298.0,165.5328345802161,86.90154834940111,298.5534105534106,164.8023088023088,72.0,False,False,
P2_OUT,17,46,593,410.0603,216.0998,514.3706,0.4894264,132.816,5,top,9518.0,8429.0,0.8855852069762555,288765.0,157.45365134005408,113.80040343259599,227.21319897253508,157.51813388720242,104.0,False,True,0.003262747128325375
P2_OUT,17,47,592,521.7991,273.7103,636.9387,0.48757261,133.034,5,top,0.0,0.0,,74725.0,130.81238832638476,95.75172413793103,196.35670855289828,130.3062271062271,88.0,False,False,
P2_OUT,17,48,591,278.5107,147.0578,365.7878,0.49272724,132.322,5,top,0.0,0.0,,54550.0,136.27673754363693,94.72844072415808,486.45559845559836,135.07926167209556,88.0,False,False,
P2_OUT,17,49,590,390.247,204.669,491.5081,0.48830209,132.763,5,top,17344.0,15438.0,0.8901060885608856,296885.0,132.0314379442318,100.56264997391759,185.0568094472783,131.53306181121226,88.0,False,True,0.0023748329673702498
P2_OUT,17,50,589,501.9848,262.2779,617.2257,0.48597998,133.0,5,top,0.0,0.0,,106383.0,161.76244565979528,113.79930662557781,252.7956834532374,161.57375406962183,104.0,False,False,
P2_OUT,17,51,588,370.4316,193.2386,468.6464,0.48768374,132.7,5,top,6255.0,4401.0,0.7035971223021583,208426.0,118.99768895624172,93.3501005095601,168.20722394220846,118.02623164763457,88.0,False,True,0.005774170161469258
P2_OUT,17,52,587,482.1687,250.8449,594.3642,0.48486728,132.962,5,top,0.0,0.0,,177463.0,211.2430426716141,150.00237097921442,310.9672632038411,211.07145646231942,152.0,False,False,
P2_OUT,17,53,586,258.6967,135.6311,342.9237,0.49195424,132.199,5,top,0.0,0.0,,51675.0,90.98749460974558,70.23538230884557,175.67741935483878,88.77114427860697,72.0,False,False,
P2_OUT,17,54,585,146.9687,78.0211,217.2158,0.50960411,130.815,5,top,0.0,0.0,,34684.0,157.8943466172382,87.72541587702675,336.53097345132744,157.672131147541,72.0,False,False,
P2_OUT,17,55,584,462.351,239.4116,571.4998,0.4829378,132.929,5,top,0.0,0.0,,258730.0,178.6800380831482,121.01163359077134,276.7130708661418,178.39827331591502,88.0,False,False,
P2_OUT,17,56,583,350.6137,181.8076,445.7803,0.485201,132.641,5,top,0.0,0.0,,147488.0,110.26940979995025,90.60742606853512,153.04671980380135,109.8132183908046,88.0,False,False,
P2_OUT,17,57,582,238.8788,124.2051,320.0521,0.48814869,132.047,5,top,0.0,0.0,,39221.0,106.2172338884866,86.27365159291179,161.49959514170038,104.65317387304508,88.0,False,False,
P2_OUT,17,58,581,442.5308,227.9782,548.6375,0.48125678,132.887,5,top,17516.0,15779.0,0.9008335236355333,288936.0,171.4540765721087,120.27262847383946,256.6364189271378,170.82825547280524,104.0,False,True,0.002258329161384633
P2_OUT,17,59,580,127.1522,66.6083,194.3106,0.49858898,130.269,5,top,0.0,0.0,,24703.0,164.29070837166515,100.39392817475009,316.9947643979057,163.79186991869918,88.0,False,False,
P2_OUT,17,60,579,330.7931,170.3765,422.9095,0.48090387,132.559,5,top,0.0,0.0,,106972.0,105.47566055331053,85.09669503265387,155.1423290203327,104.44137136271968,88.0,False,False,
P2_OUT,17,61,578,422.7087,216.5437,525.7714,0.47886062,132.835,5,top,9053.0,8298.0,0.9166022313045399,307895.0,180.88810150825952,127.61800718527752,263.196822410369,180.38974888200894,120.0,False,True,0.002905838078389668
P2_OUT,17,62,577,219.057,112.7797,297.1773,0.4834269,131.875,5,top,0.0,0.0,,40305.0,120.55437665782493,86.85120910384069,303.8116343490305,119.45664739884394,72.0,False,False,
P2_OUT,17,63,576,514.6246,262.7091,628.6299,0.4769063,133.022,5,top,0.0,0.0,,103393.0,123.3560855263158,89.11616327065452,194.20475698035162,122.47591098067987,72.0,False,False,
P2_OUT,18,0,703,398.9561,257.6972,525.8623,0.57155614,132.846,6,bot,2559.0,2266.0,0.8855021492770614,85365.0,172.93531041225356,122.79156327543424,257.0036429872495,172.7505183137526,120.0,False,True,0.006294457913985637
P2_OUT,18,1,702,187.4608,121.753,274.3955,0.57237906,131.656,6,bot,0.0,0.0,,22160.0,143.9610705596107,105.52770914225204,226.26235093696766,143.9492385786802,88.0,False,False,
P2_OUT,18,2,701,313.0162,201.1795,422.9977,0.56944883,132.56,6,bot,0.0,0.0,,44001.0,121.32139093782929,90.87376623376623,275.40196078431376,119.93719156572453,88.0,False,False,
P2_OUT,18,3,700,418.7692,269.1467,548.7232,0.56913041,132.888,6,bot,2087.0,1928.0,0.9238140872065165,87173.0,197.55276907001044,121.9223010833022,326.1788427819988,196.31681559707553,88.0,False,True,0.0058072216613215075
P2_OUT,18,4,699,207.2679,133.2115,297.2624,0.56831242,131.867,6,bot,0.0,0.0,,29726.0,133.38958829533854,99.8816029143898,194.19165727170235,131.8880706921944,88.0,False,False,
P2_OUT,18,5,698,438.5809,280.594,571.5835,0.56801874,132.931,6,bot,0.0,0.0,,70480.0,220.69533259830942,142.6834211593028,383.2229930624381,220.4902419984387,1016.0,False,False,
P2_OUT,18,6,697,332.8259,212.6284,445.8592,0.56770753,132.638,6,bot,0.0,0.0,,66819.0,127.52395313768704,101.68668366952623,204.56821026282856,127.46866908337648,104.0,False,False,
P2_OUT,18,7,696,227.073,144.6646,320.1281,0.56648418,132.05,6,bot,0.0,0.0,,26234.0,153.09803921568627,114.91867638810993,278.7044534412955,150.11420204978037,104.0,False,False,
P2_OUT,18,8,695,458.3912,292.0399,594.4433,0.56562236,132.965,6,bot,0.0,0.0,,77056.0,286.7921092564492,180.79404182182756,472.77001013171224,286.64279624893436,1016.0,False,False,
P2_OUT,18,9,694,352.6339,224.0761,468.7211,0.56539682,132.709,6,bot,1537.0,863.0,0.5614834092387768,58002.0,138.29349153725354,108.85089104443944,224.24581005586592,137.27354997943232,104.0,False,True,0.012656818283006266
P2_OUT,18,10,693,246.8768,156.1138,342.9916,0.56470537,132.188,6,bot,0.0,0.0,,48623.0,152.29935089728903,104.73308957952469,388.06332453825854,149.97142857142856,88.0,False,False,
P2_OUT,18,11,692,478.2004,303.4844,617.3029,0.56374041,133.003,6,bot,0.0,0.0,,49397.0,158.29346733668342,117.14336283185841,233.9490291262136,157.7948051948052,104.0,False,False,
P2_OUT,18,12,691,372.4408,235.5208,491.5808,0.56332847,132.768,6,bot,5624.0,3955.0,0.7032361308677099,85438.0,134.14470482776284,103.47515463201056,210.07083333333333,133.35416201740682,88.0,False,True,0.0060916289819693764
P2_OUT,18,13,690,498.0082,314.9279,637.0079,0.56335524,133.03,6,bot,0.0,0.0,,33460.0,120.53447813254628,94.64624361779723,177.6258064516129,119.70542635658914,88.0,False,False,
P2_OUT,18,14,689,121.3291,76.7049,194.3819,0.57283841,130.261,6,bot,0.0,0.0,,76864.0,1010.6078926735778,527.6113360323887,1017.303946336789,1017.2697940152792,1016.0,False,False,
P2_OUT,18,15,688,392.2463,246.9646,514.4414,0.56157604,132.81,6,bot,4608.0,3934.0,0.8537326388888888,112084.0,177.18815185648728,127.3067007953195,271.0015918497294,177.097354225533,104.0,False,True,0.0052056914171280735
P2_OUT,18,16,687,266.6793,167.5601,365.8536,0.55966255,132.326,6,bot,0.0,0.0,,31955.0,151.18570655116406,107.79098679098679,425.5,150.53149606299212,104.0,False,False,
P2_OUT,18,17,686,141.1204,88.1594,217.2459,0.56356676,130.82,6,bot,0.0,0.0,,33940.0,177.12177121771217,76.90371637677026,414.2511627906976,176.98701298701297,72.0,False,False,
P2_OUT,18,18,685,412.0511,258.4066,537.3018,0.55948051,132.866,6,bot,5000.0,4582.0,0.9164,93827.0,223.325370281892,146.48116155118544,353.31320754716984,223.19772727272726,104.0,False,True,0.003914359206817893
P2_OUT,18,19,684,286.4811,179.004,388.7156,0.55660721,132.431,6,bot,0.0,0.0,,44614.0,162.81593927893738,113.16939890710383,453.49019607843127,162.42681929681112,104.0,False,False,
P2_OUT,18,20,683,431.8549,269.8476,560.1602,0.55796249,132.905,6,bot,109.0,105.0,0.963302752293578,72070.0,173.04634084578376,112.22263728053792,289.43709468223085,172.8879402347919,88.0,False,False,0.018008805113767182
P2_OUT,18,21,682,160.9131,99.6075,240.1128,0.55791801,131.219,6,bot,0.0,0.0,,31031.0,231.97525773195875,123.22131593257205,527.7411764705882,231.11029411764707,1016.0,False,False,
P2_OUT,18,22,681,306.2821,190.4455,411.5768,0.55479451,132.519,6,bot,0.0,0.0,,62685.0,156.2812077512393,114.54199180002645,361.680412371134,155.81329274479958,104.0,False,False,
P2_OUT,18,23,680,451.6582,281.287,583.0189,0.55623934,132.947,6,bot,0.0,0.0,,87419.0,313.67519776640296,175.5595238095238,531.655303030303,312.7778958554729,1016.0,False,False,
P2_OUT,18,24,679,471.4606,292.7258,605.8781,0.55570187,132.982,6,bot,0.0,0.0,,61197.0,226.73476833272528,155.15723873441993,355.7686240140228,226.46903820816866,120.0,False,False,
P2_OUT,18,25,678,326.0822,201.8859,434.4372,0.55445573,132.603,6,bot,0.0,0.0,,63100.0,153.31220164216154,115.67032967032966,297.1991051454139,151.7929050814957,104.0,False,False,
P2_OUT,18,26,677,491.2624,304.1637,628.7364,0.55447297,133.02,6,bot,0.0,0.0,,51509.0,159.64458300857368,115.19374772809887,262.7470398277718,159.6032482598608,104.0,False,False,
P2_OUT,18,27,676,180.7064,111.0511,262.9752,0.55206201,131.531,6,bot,0.0,0.0,,67679.0,175.42439024390245,129.87895273716424,227.43017902813298,175.35669781931466,152.0,False,False,
P2_OUT,18,28,675,345.8821,213.3244,457.2964,0.55228645,132.675,6,bot,0.0,0.0,,54919.0,145.37799834574028,115.48152465322299,228.3989120580236,145.15533980582524,104.0,False,False,
P2_OUT,18,29,674,200.5005,122.4917,285.8392,0.54943087,131.776,6,bot,0.0,0.0,,19629.0,136.23661397246303,105.6149855907781,199.7566765578635,135.11541850220266,104.0,False,False,
P2_OUT,18,30,673,365.6814,224.762,480.1559,0.55088313,132.74,6,bot,5832.0,3737.0,0.6407750342935528,85220.0,134.807361428727,107.54420432220039,197.56806550665306,134.37487252702428,104.0,False,True,0.0062824246665835835
P2_OUT,18,31,672,220.2949,133.9297,308.7024,0.54590509,131.968,6,bot,0.0,0.0,,28951.0,164.11556006082108,122.75730858468677,307.26932084309135,163.5151515151515,104.0,False,False,
P2_OUT,18,32,671,385.4802,236.1986,503.0156,0.54916753,132.792,6,bot,9187.0,6506.0,0.708174594535757,113010.0,156.99040590405903,121.15505119032935,221.54354622599377,156.27664916685688,104.0,False,True,0.0047429097620302965
P2_OUT,18,33,670,405.2788,247.6348,525.8737,0.54895262,132.838,6,bot,5451.0,4862.0,0.8919464318473674,138241.0,201.54031156053568,139.31680663766062,304.7627682079178,200.03370407819347,104.0,False,True,0.004204853328897594
P2_OUT,18,34,669,240.0895,145.3662,331.564,0.54438632,132.131,6,bot,0.0,0.0,,45314.0,145.96870554765292,109.06821687032863,302.56637168141594,145.59538904899136,104.0,False,False,
P2_OUT,18,35,668,425.0767,259.07,548.7327,0.5478386,132.881,6,bot,4196.0,3771.0,0.8987130600571973,100334.0,263.52171460800906,171.72147915027537,424.74673304293714,262.91342664593054,1016.0,False,True,0.004657678545450686
P2_OUT,18,36,667,259.884,156.8017,354.4258,0.54306107,132.258,6,bot,0.0,0.0,,38481.0,136.92911326183625,108.6057171020207,231.24904214559388,135.4630520332313,104.0,False,False,
P2_OUT,18,37,666,444.8746,270.5046,571.5911,0.5468743,132.929,6,bot,0.0,0.0,,81811.0,272.65692175408424,165.7594501718213,467.3537254901961,272.6382623224728,1016.0,False,False,
P2_OUT,18,38,665,279.6786,168.2358,377.2854,0.54189462,132.377,6,bot,0.0,0.0,,37772.0,156.41286863270778,120.44318539502676,285.5223097112861,155.59868421052633,120.0,False,False,
P2_OUT,18,39,664,464.6725,281.9385,594.4497,0.54526031,132.971,6,bot,0.0,0.0,,85778.0,284.78504672897196,180.43382352941177,471.51851851851853,284.22616033755276,1016.0,False,False,
P2_OUT,18,40,663,484.4697,293.3725,617.3076,0.54477712,133.003,6,bot,0.0,0.0,,60463.0,171.6414922656961,122.50577748431826,252.71868978805395,170.84391819160388,104.0,False,False,
P2_OUT,18,41,662,299.4733,179.6695,400.1467,0.54179277,132.48,6,bot,0.0,0.0,,50632.0,154.1782999308915,109.14038876889849,378.9113149847095,153.31958762886597,104.0,False,False,
P2_OUT,18,42,661,504.2669,304.8057,637.2585,0.5442981,133.035,6,bot,0.0,0.0,,40765.0,141.0375085246647,109.43611516518509,210.12977777777775,140.68734112862228,104.0,False,False,
P2_OUT,18,43,660,104.5448,60.2851,171.491,0.56318364,144.006,6,bot,0.0,0.0,,17690.0,106.49535080304311,85.34096692111959,137.75730735163862,105.90642545227698,104.0,False,False,
P2_OUT,18,44,659,319.2679,191.1022,423.0058,0.53828174,132.561,6,bot,0.0,0.0,,52261.0,129.4582684175384,101.94727805272194,212.98106712564544,129.27173913043478,104.0,False,False,
P2_OUT,18,45,658,114.4485,66.0033,182.9246,0.51894935,129.906,6,bot,0.0,0.0,,19212.0,145.81443298969072,101.07835325365205,231.67999999999998,145.60224089635855,88.0,False,False,
P2_OUT,18,46,657,339.0627,202.5348,445.8646,0.53689046,132.638,6,bot,0.0,0.0,,69564.0,107.92916751475677,86.0297176820208,157.66331658291458,106.73684210526316,88.0,False,False,
P2_OUT,18,47,656,358.8578,213.9666,468.7239,0.53624811,132.702,6,bot,2697.0,1339.0,0.496477567667779,73069.0,146.94490183660545,119.9761221097174,227.48433048433048,146.67011197243755,120.0,False,True,0.009627615862562123
P2_OUT,18,48,655,134.2382,77.4287,205.8029,0.51495913,130.564,6,bot,0.0,0.0,,30435.0,171.4413024850043,102.64369616288175,350.8720379146919,170.89443378119003,88.0,False,False,
P2_OUT,18,49,654,378.6528,225.3981,491.5828,0.53514113,132.764,6,bot,8590.0,6205.0,0.7223515715948777,156928.0,139.92889935256034,109.09786343941431,201.61378122308358,139.14950911640955,104.0,False,True,0.0048319823456570415
P2_OUT,18,50,653,398.4475,236.8299,514.4415,0.53487428,132.813,6,bot,7225.0,6148.0,0.8509342560553633,188367.0,151.5063393579714,112.11819626539531,217.3285655343144,151.10844296845065,104.0,False,True,0.004190038407746417
P2_OUT,18,51,652,418.2423,248.2607,537.3009,0.53439809,132.871,6,bot,8205.0,7451.0,0.9081048141377209,180205.0,209.53515860571704,139.03265061273459,330.67121132669115,209.40889971219835,152.0,False,True,0.0031891509547243204
P2_OUT,18,52,651,154.0294,88.855,228.6765,0.51336072,131.038,6,bot,0.0,0.0,,45790.0,111.61478933791918,74.83341221012778,286.7609022556391,111.50877192982456,72.0,False,False,
P2_OUT,18,53,650,438.0372,259.6917,560.1596,0.53295805,132.908,6,bot,99.0,91.0,0.9191919191919192,100319.0,205.62870773698404,137.8359593579738,330.2735042735043,205.5028396679773,120.0,False,False,0.027391315973305283
P2_OUT,18,54,649,457.832,271.122,583.018,0.53259373,132.947,6,bot,0.0,0.0,,96551.0,299.06108336534766,172.78260869565216,502.26130653266335,298.6876033057851,1016.0,False,False,
P2_OUT,18,55,648,477.6269,282.5526,605.8761,0.53194693,132.986,6,bot,0.0,0.0,,75675.0,205.76190476190476,138.17549225769451,330.07754010695186,205.61881785283475,104.0,False,False,
P2_OUT,18,56,647,497.4219,293.9826,628.7337,0.53218567,133.017,6,bot,0.0,0.0,,52006.0,151.5561473590768,112.04436229205176,224.83835616438355,150.38799249530956,104.0,False,False,
P2_OUT,18,57,646,193.614,111.7091,274.399,0.51848608,131.655,6,bot,0.0,0.0,,26852.0,139.31046166878443,105.15405923716173,204.65004985044862,139.2152117545376,104.0,False,False,
P2_OUT,18,58,645,233.2005,134.5644,320.122,0.52085513,132.048,6,bot,0.0,0.0,,39693.0,131.5354923127249,99.4943024330151,253.03177570093462,131.12912565141863,88.0,False,False,
P2_OUT,18,59,644,292.5818,168.8482,388.7053,0.52372097,132.422,6,bot,0.0,0.0,,39442.0,135.83143507972665,105.79976067012365,229.813110181311,135.12908242612752,104.0,False,False,
P2_OUT,18,60,643,332.1699,191.7046,434.4252,0.52468136,132.601,6,bot,0.0,0.0,,72624.0,130.70753512132822,100.48161078184623,227.87834101382492,130.3290304861302,88.0,False,False,
P2_OUT,18,61,642,371.7587,214.5609,480.1441,0.52457719,132.728,6,bot,13099.0,8276.0,0.6318039545003435,140797.0,134.81191865048083,112.70188066758406,180.5890261059872,133.84998646087192,104.0,False,True,0.0042141661927793325
P2_OUT,18,62,641,391.5529,225.9893,503.0023,0.52368973,132.791,6,bot,16604.0,12296.0,0.7405444471211756,198617.0,126.6142932425311,98.64898624742331,179.65820642978002,126.44235851635833,88.0,False,True,0.0034017366375483473
P2_OUT,18,63,640,490.5252,283.131,617.2957,0.52366969,133.008,6,bot,0.0,0.0,,62926.0,152.23589946566398,110.64980375054513,229.53227513227515,151.2602930914166,88.0,False,False,
P2_OUT,19,0,767,478.0239,344.5066,637.464,0.61395456,133.034,6,top,0.0,0.0,,0.0,,,,,,False,False,
P2_OUT,19,1,766,431.7949,310.9189,582.9138,0.62030431,132.95,6,top,0.0,0.0,,12434951.0,71.91080661915181,67.81903608727137,76.00257715103226,67.95858455544862,72.0,False,False,
P2_OUT,19,2,765,451.6731,322.4204,605.7847,0.62020802,132.989,6,top,0.0,0.0,,54295.0,144.29882175983957,99.93599397590361,222.34558823529412,144.26003490401396,72.0,False,False,
P2_OUT,19,3,764,385.5659,277.3313,525.7707,0.61878645,132.851,6,top,0.0,0.0,,536639.0,71.80777117720224,66.65350500165681,76.96203735274767,67.94575323449251,72.0,False,False,
P2_OUT,19,4,763,471.5448,333.9159,628.6511,0.61550876,133.023,6,top,0.0,0.0,,48128.0,117.58963486454653,80.91087260849277,180.82483370288247,116.94952023362536,72.0,False,False,
P2_OUT,19,5,762,405.4419,288.833,548.6406,0.61913645,132.889,6,top,0.0,0.0,,56594.0,161.7938596491228,108.8523836875359,253.36389684813753,161.52968676951846,88.0,False,False,
P2_OUT,19,6,761,339.3373,243.7432,468.6255,0.61762101,132.712,6,top,0.0,0.0,,2360681.0,56.215297011721255,52.10764850586063,60.322945517581886,58.579626126216176,56.0,False,False,
P2_OUT,19,7,760,425.3107,300.3283,571.5094,0.61400104,132.93,6,top,0.0,0.0,,75820.0,132.99949315762797,78.81548084440969,233.60492560287327,132.3244191144235,72.0,False,False,
P2_OUT,19,8,759,359.2101,255.2458,491.4977,0.61806972,132.763,6,top,0.0,0.0,,79203.0,115.13023846479469,83.16719771926883,179.45636426353914,114.96498262496658,72.0,False,False,
P2_OUT,19,9,758,293.1089,210.1559,411.4803,0.61613327,132.524,6,top,0.0,0.0,,54305.0,116.04464775846296,89.20514992376758,182.37173913043478,115.48094488188977,88.0,False,False,
P2_OUT,19,10,757,379.0752,266.7409,514.3663,0.61212937,132.82,6,top,0.0,0.0,,77108.0,146.16859041622945,101.56282622533418,226.1421616358325,145.8208516886931,88.0,False,False,
P2_OUT,19,11,756,445.1734,311.8177,594.3766,0.60817588,132.973,6,top,0.0,0.0,,880317.0,56.720640042795,52.3603200213975,61.080960064192496,60.34074985185222,56.0,False,False,
P2_OUT,19,12,755,312.9774,221.659,434.3541,0.61599676,132.605,6,top,0.0,0.0,,101687.0,95.35508255420729,76.89380587079185,145.34825744085475,95.0702609693146,72.0,False,False,
P2_OUT,19,13,754,246.881,176.5683,354.3325,0.61511966,132.264,6,top,0.0,0.0,,0.0,,,,,,False,False,
P2_OUT,19,14,753,398.9342,278.2293,537.2352,0.60634436,132.866,6,top,0.0,0.0,,71204.0,152.55455497382198,97.32342007434944,236.33847436431844,151.0990615224192,72.0,False,False,
P2_OUT,19,15,752,465.0312,323.302,617.2436,0.60398013,133.001,6,top,0.0,0.0,,1613751.0,72.22713113596384,68.08298558056522,76.37127669136247,68.14644708878977,72.0,False,False,
P2_OUT,19,16,751,332.8381,233.1534,457.225,0.60975044,132.673,6,top,0.0,0.0,,101598.0,78.09368635437882,69.47199592668025,111.11003307607497,75.10001090631476,72.0,False,False,
P2_OUT,19,17,750,266.7438,188.0722,377.2109,0.61412626,132.379,6,top,0.0,0.0,,49830.0,133.21074626865672,94.86506353040008,279.3319415448852,133.2673506336753,88.0,False,False,
P2_OUT,19,18,749,200.6533,142.9805,297.1858,0.61100892,131.877,6,top,0.0,0.0,,0.0,,,,,,False,False,
P2_OUT,19,19,748,484.8841,334.782,637.2001,0.60147726,133.028,6,top,0.0,0.0,,41637.0,122.5115468409586,92.31402402759605,183.43227478937138,121.3740136770121,88.0,False,False,
P2_OUT,19,20,747,418.7875,289.7122,560.1031,0.60165531,132.905,6,top,0.0,0.0,,251473948.0,58.42655130375505,53.213275651877524,63.63982695563257,61.213245942699835,56.0,True,False,
P2_OUT,19,21,746,352.6922,244.6405,480.0939,0.60335126,132.74,6,top,0.0,0.0,,87447.0,102.09334657398213,76.48771779491574,157.5672690763052,101.28459330143541,72.0,False,False,
P2_OUT,19,22,745,286.5984,199.5664,400.0819,0.60549344,132.473,6,top,0.0,0.0,,75844.0,114.92335348913221,79.96883882513949,199.72955288985824,114.70948197515905,72.0,False,False,
P2_OUT,19,23,744,220.5083,154.4864,320.0648,0.61018319,132.047,6,top,0.0,0.0,,80636.0,75.887009415882,69.1679026747771,101.45345897494829,70.70139753376395,72.0,False,False,
P2_OUT,19,24,743,438.6365,301.1902,582.9687,0.59847298,132.95,6,top,0.0,0.0,,0.0,,,,,,False,False,
P2_OUT,19,25,742,154.4273,109.3933,240.0378,0.60440431,131.217,6,top,0.0,0.0,,28678.0,160.0,92.55039637599094,283.0083194675541,160.0,72.0,False,False,
P2_OUT,19,26,741,372.5406,256.1216,502.9638,0.59742479,132.787,6,top,0.0,0.0,,106928.0,118.37131398914839,79.79030531251153,190.2698026493647,118.01380538855489,72.0,False,False,
P2_OUT,19,27,740,306.4464,211.0518,422.9536,0.59835998,132.555,6,top,0.0,0.0,,1076633.0,71.57462569637883,66.88872301532034,76.26052837743732,67.86276590077773,72.0,False,False,
P2_OUT,19,28,739,458.4807,312.6643,605.8336,0.59527459,132.987,6,top,0.0,0.0,,73394.0,132.56127886323267,81.3826138379657,211.48246297739672,132.35808230801865,72.0,False,False,
P2_OUT,19,29,738,240.3549,165.9796,342.9397,0.60087453,132.2,6,top,0.0,0.0,,104795.0,76.31905402749005,69.9806148216473,105.95981900452487,71.11624331784354,72.0,False,False,
P2_OUT,19,30,737,392.3838,267.5979,525.8289,0.59415988,132.844,6,top,0.0,0.0,,72545.0,186.23203906068358,128.75715980342315,286.37607704004057,185.51594354417145,136.0,False,False,
P2_OUT,19,31,736,326.2882,222.5308,445.8217,0.59485863,132.643,6,top,0.0,0.0,,120688.0,61.38384179157228,53.62841582726878,93.84129806623693,55.94855550891119,56.0,False,False,
P2_OUT,19,32,735,478.3213,324.1347,628.6971,0.59233186,133.018,6,top,0.0,0.0,,65943.0,108.33521718068788,78.14251246581952,167.81694915254238,107.91210374639769,72.0,False,False,
P2_OUT,19,33,734,174.2698,120.9017,262.9179,0.60355817,131.526,6,top,0.0,0.0,,25262.0,141.5245283018868,92.27806267806268,245.84873949579836,141.11436950146629,72.0,False,False,
P2_OUT,19,34,733,412.2231,279.0691,548.6939,0.59161701,132.886,6,top,0.0,0.0,,143448.0,74.37045519610649,57.869143446852426,178.00576368876082,70.39698610784083,56.0,False,False,
P2_OUT,19,35,732,260.1943,177.4633,365.8137,0.59319878,132.319,6,top,0.0,0.0,,59679.0,118.59119496855347,90.73567417630743,216.60306643952302,117.38101983002832,88.0,False,False,
P2_OUT,19,36,731,108.2044,75.8071,182.917,0.58264187,129.902,6,top,0.0,0.0,,9225300.0,59.760437168083214,53.88021858404161,67.51816419551143,61.880216895100865,56.0,False,False,
P2_OUT,19,37,730,346.1252,234.004,468.6896,0.58959474,132.701,6,top,447.0,316.0,0.7069351230425056,59556.0,115.77811829604659,90.49037457095956,174.27815777473782,115.09049887189772,88.0,False,False,0.02152870488198748
P2_OUT,19,38,729,432.0584,290.5371,571.5571,0.58849248,132.929,6,top,0.0,0.0,,63424.0,174.6118721461187,106.50173010380622,295.94621848739496,174.50666666666666,72.0,False,False,
P2_OUT,19,39,728,194.1044,132.3939,285.7977,0.5910998,131.774,6,top,0.0,0.0,,24481.0,140.2435129740519,101.64830376595083,215.89447236180902,139.6735632183908,88.0,False,False,
P2_OUT,19,40,727,280.0282,188.9392,388.6836,0.58709961,132.432,6,top,0.0,0.0,,50864.0,138.77148846960168,101.3526145900581,271.14599686028265,138.28309455587393,88.0,False,False,
P2_OUT,19,41,726,365.9583,245.4727,491.5537,0.58655057,132.762,6,top,1642.0,1461.0,0.889768574908648,113203.0,97.38610958402053,74.9207366682281,150.80925449871467,97.14121907060954,72.0,False,True,0.007728668257935453
P2_OUT,19,42,725,451.8905,302.0012,594.4198,0.58563677,132.963,6,top,0.0,0.0,,69306.0,205.90642002176278,130.97883459628952,319.4657534246575,205.61142147734327,88.0,False,False,
P2_OUT,19,43,724,299.8576,200.4088,411.5482,0.58600613,132.525,6,top,0.0,0.0,,169503.0,79.33540239726028,61.857341399607584,104.30427577063307,79.05089408528198,56.0,False,False,
P2_OUT,19,44,723,385.7876,256.9371,514.4169,0.58467845,132.823,6,top,1298.0,1161.0,0.8944530046224961,84645.0,167.3723621511232,117.22715981231025,252.0456979650125,166.8849332485696,88.0,False,True,0.008528337028321087
P2_OUT,19,45,722,471.7199,313.4622,617.2818,0.58366789,133.004,6,top,0.0,0.0,,57119.0,119.71233144420559,85.55854430379748,180.14455782312925,119.3681852128454,72.0,False,False,
P2_OUT,19,46,721,213.9324,143.8748,308.6712,0.58581515,131.962,6,top,0.0,0.0,,69420.0,93.14306049822065,74.8992424539781,163.55974102413185,91.76693909833905,72.0,False,False,
P2_OUT,19,47,720,128.0242,87.3208,205.7744,0.58521733,130.567,6,top,0.0,0.0,,280424.0,57.10482313024562,52.55241156512281,61.65723469536843,60.52109526656783,56.0,False,False,
P2_OUT,19,48,719,491.5465,324.9212,636.9883,0.58241912,133.032,6,top,0.0,0.0,,44374.0,108.5943482224248,86.8101806877793,153.18545127974855,108.56617647058823,88.0,False,False,
P2_OUT,19,49,718,405.6136,268.3982,537.2799,0.58198949,132.864,6,top,1313.0,1263.0,0.9619192688499619,92812.0,171.39427885577115,96.79859072225484,278.68380462724934,170.7337602927722,72.0,False,True,0.005281892869144981
P2_OUT,19,50,717,319.6827,211.8738,434.4143,0.58116002,132.605,6,top,0.0,0.0,,69247.0,112.17056510039329,82.98502865942339,260.17624521072787,112.1454802259887,72.0,False,False,
P2_OUT,19,51,716,233.7557,155.3466,331.5418,0.58005744,132.124,6,top,0.0,0.0,,42171.0,108.12477359629705,84.41990602306707,181.42006615214993,107.82842287694974,88.0,False,False,
P2_OUT,19,52,715,425.4372,279.8563,560.1416,0.57962396,132.906,6,top,44.0,42.0,0.9545454545454546,91462.0,115.53083592344184,72.57381883014469,196.7399854333576,114.9373979314099,56.0,False,False,0.031402239986716235
P2_OUT,19,53,714,147.8398,98.8111,228.6533,0.57921757,131.028,6,top,0.0,0.0,,154714.0,58.27129840168628,53.13564920084314,63.40694760252942,60.184559603820304,56.0,False,False,
P2_OUT,19,54,713,339.505,223.334,457.2776,0.57830869,132.68,6,top,0.0,0.0,,71742.0,111.57866901718819,86.56172199170125,186.561797752809,111.47342329936657,88.0,False,False,
P2_OUT,19,55,712,445.2584,291.3116,583.0025,0.5777674,132.952,6,top,0.0,0.0,,76543.0,217.83257443082312,116.08931894305918,364.476386036961,216.87125506072874,72.0,False,False,
P2_OUT,19,56,711,253.5749,166.8115,354.4083,0.5764606,132.261,6,top,0.0,0.0,,56668.0,96.93957703927492,73.94075085324232,168.03120936280882,96.88383658969805,72.0,False,False,
P2_OUT,19,57,710,359.3243,234.7913,480.1394,0.57627933,132.738,6,top,3153.0,2720.0,0.8626704725658103,109228.0,86.598356982823,64.40517202809718,139.23714759535653,85.96006475984889,56.0,False,True,0.00612974550829616
P2_OUT,19,58,709,465.0774,302.7647,605.8639,0.57563524,132.98,6,top,0.0,0.0,,68729.0,143.7400995968698,88.8193466883234,232.731272917758,143.7254509018036,72.0,False,False,
P2_OUT,19,59,708,273.3913,178.2714,377.2716,0.57625874,132.376,6,top,0.0,0.0,,58106.0,106.79579716765646,78.85345064613692,182.4695652173913,105.51006456513483,72.0,False,False,
P2_OUT,19,60,707,379.1413,246.2453,503.0019,0.57380137,132.789,6,top,4481.0,3710.0,0.8279401919214461,95715.0,113.52502838270203,83.73042044517724,170.01211033864095,113.38481724461106,72.0,False,True,0.005638346063693789
P2_OUT,19,61,706,484.8946,314.2159,628.7241,0.57340262,133.016,6,top,0.0,0.0,,50149.0,111.3867708473663,86.2736178358293,161.58113730929264,111.28065739570164,72.0,False,False,
P2_OUT,19,62,705,167.6517,110.2871,251.5279,0.57427131,131.385,6,top,0.0,0.0,,25424.0,128.0901408450704,87.8407132243685,208.98498498498498,128.08179959100204,72.0,False,False,
P2_OUT,19,63,704,293.205,189.7268,400.1352,0.57204064,132.48,6,top,0.0,0.0,,53276.0,100.42861852950874,77.01657934400345,165.89992301770593,99.74463339838306,72.0,False,False,
