channel_id,x,y,vmm,ch,n,k,adc_med,adc_p25,adc_p75,adc_med_dnl,adc_n,station,eff,use,adc_med_untracked,n_hits,illuminated
447,144.35,56.38,2,0,0,0,,,,,0,P2_IN,,False,190.47619047619048,506.0,False
446,538.9,208.42,2,1,0,0,,,,,0,P2_IN,,False,85.84567322711652,14193.0,False
445,357.74,138.25,2,2,0,0,,,,,0,P2_IN,,False,76.36308753773179,44792.0,False
444,176.57,68.11,2,3,0,0,,,,,0,P2_IN,,False,91.2487899322362,7307.0,False
443,389.96,149.98,2,4,0,0,,,,,0,P2_IN,,False,87.55484896661368,29564.0,False
442,422.18,161.71,2,5,0,0,,,,,0,P2_IN,,False,86.29412613652764,49093.0,False
441,208.79,79.83,2,6,0,0,,,,,0,P2_IN,,False,71.58982909545644,14650.0,False
440,454.4,173.44,2,7,0,0,,,,,0,P2_IN,,False,85.59804300244625,33715.0,False
439,486.62,185.17,2,8,0,0,,,,,0,P2_IN,,False,85.45738451528952,25492.0,False
438,241.01,91.56,2,9,0,0,,,,,0,P2_IN,,False,90.6481909160893,16026.0,False
437,518.84,196.9,2,10,0,0,,,,,0,P2_IN,,False,86.49797642090445,21200.0,False
436,551.06,208.62,2,11,0,0,,,,,0,P2_IN,,False,92.24400274160384,8152.0,False
435,273.23,103.28,2,12,0,0,,,,,0,P2_IN,,False,80.70145631067962,30328.0,False
434,305.44,115.01,2,13,0,0,,,,,0,P2_IN,,False,98.04383828543595,21693.0,False
433,337.66,126.74,2,14,0,0,,,,,0,P2_IN,,False,87.5186549541891,34232.0,False
432,369.88,138.46,2,15,0,0,,,,,0,P2_IN,,False,86.06482213438736,39250.0,False
431,402.1,150.19,2,16,0,0,,,,,0,P2_IN,,False,90.94171907756814,41508.0,False
430,434.32,161.91,2,17,0,0,,,,,0,P2_IN,,False,93.46755024919216,49196.0,False
429,466.54,173.64,2,18,0,0,,,,,0,P2_IN,,False,106.01596351197264,20368.0,False
428,498.76,185.37,2,19,0,0,,,,,0,P2_IN,,False,105.8998354102986,15731.0,False
427,530.97,197.09,2,20,0,0,,,,,0,P2_IN,,False,90.9982987410684,19871.0,False
426,253.12,91.77,2,21,0,0,,,,,0,P2_IN,,False,83.99342465753425,14180.0,False
425,285.33,103.49,2,22,0,0,,,,,0,P2_IN,,False,76.44475378458327,30124.0,False
424,317.55,115.21,2,23,0,0,,,,,0,P2_IN,,False,94.27922178988328,19510.0,False
423,349.77,126.94,2,24,0,0,,,,,0,P2_IN,,False,94.13590687493782,26942.0,False
422,381.99,138.66,2,25,0,0,,,,,0,P2_IN,,False,118.10909090909092,1112.0,False
421,414.21,150.38,2,26,0,0,,,,,0,P2_IN,,False,86.1788873599371,40552.0,False
420,446.43,162.1,2,27,0,0,,,,,0,P2_IN,,False,86.34840241369076,39738.0,False
419,478.64,173.83,2,28,0,0,,,,,0,P2_IN,,False,91.22132097334878,18175.0,False
418,510.86,185.55,2,29,0,0,,,,,0,P2_IN,,False,106.26415094339625,12394.0,False
417,543.08,197.28,2,30,0,0,,,,,0,P2_IN,,False,94.71555555555555,14885.0,False
416,220.9,80.06,2,31,0,0,,,,,0,P2_IN,,False,92.41943734015344,10860.0,False
415,188.68,68.35,2,32,0,0,,,,,0,P2_IN,,False,93.72775750771822,10714.0,False
414,156.46,56.64,2,33,0,0,,,,,0,P2_IN,,False,81.18792359827479,8523.0,False
413,124.24,44.94,2,34,0,0,,,,,0,P2_IN,,False,101.34232715008432,3758.0,False
412,426.28,150.56,2,35,0,0,,,,,0,P2_IN,,False,92.66984429615508,28492.0,False
411,458.5,162.28,2,36,0,0,,,,,0,P2_IN,,False,93.1583400022865,24965.0,False
410,490.72,174.01,2,37,0,0,,,,,0,P2_IN,,False,172.41094803649344,74346.0,False
409,522.94,185.73,2,38,0,0,,,,,0,P2_IN,,False,91.83210991906644,15994.0,False
408,555.16,197.45,2,39,0,0,,,,,0,P2_IN,,False,91.3192868719611,6201.0,False
407,394.06,138.84,2,40,0,0,,,,,0,P2_IN,,False,93.1888754534462,22152.0,False
406,361.84,127.12,2,41,0,0,,,,,0,P2_IN,,False,91.86016216934732,24263.0,False
405,329.62,115.4,2,42,0,0,,,,,0,P2_IN,,False,88.03368794326241,31544.0,False
404,297.4,103.68,2,43,0,0,,,,,0,P2_IN,,False,82.71567567567567,21344.0,False
403,265.17,91.97,2,44,0,0,,,,,0,P2_IN,,False,105.5438596491228,1206.0,False
402,232.95,80.26,2,45,0,0,,,,,0,P2_IN,,False,89.77326035965598,10433.0,False
401,200.72,68.55,2,46,0,0,,,,,0,P2_IN,,False,77.47185354691075,11463.0,False
400,168.49,56.85,2,47,0,0,,,,,0,P2_IN,,False,77.12874251497006,7229.0,False
399,136.25,45.17,2,48,0,0,,,,,0,P2_IN,,False,87.22095897182402,6628.0,False
398,535.0,185.9,2,49,0,0,,,,,0,P2_IN,,False,86.81458003169573,15927.0,False
397,502.77,174.17,2,50,0,0,,,,,0,P2_IN,,False,93.0547263681592,15606.0,False
396,470.55,162.45,2,51,0,0,,,,,0,P2_IN,,False,86.13291564108302,18688.0,False
395,438.33,150.73,2,52,0,0,,,,,0,P2_IN,,False,93.87705263157896,26707.0,False
394,406.1,139.01,2,53,0,0,,,,,0,P2_IN,,False,85.33432539682539,31921.0,False
393,373.87,127.29,2,54,0,0,,,,,0,P2_IN,,False,78.3143445435827,30787.0,False
392,341.65,115.57,2,55,0,0,,,,,0,P2_IN,,False,76.08020219039595,30274.0,False
391,309.42,103.85,2,56,0,0,,,,,0,P2_IN,,False,89.5986129172085,17446.0,False
390,277.18,92.14,2,57,0,0,,,,,0,P2_IN,,False,75.7358967872502,10259.0,False
389,547.03,186.05,2,58,0,0,,,,,0,P2_IN,,False,95.8525564803805,9376.0,False
388,514.8,174.33,2,59,0,0,,,,,0,P2_IN,,False,9.166375337676785,14421.0,False
387,482.57,162.61,2,60,0,0,,,,,0,P2_IN,,False,87.71446003660769,13691.0,False
386,450.34,150.88,2,61,0,0,,,,,0,P2_IN,,False,88.39139951075062,25945.0,False
385,418.11,139.16,2,62,0,0,,,,,0,P2_IN,,False,92.319795182125,23213.0,False
384,559.04,186.2,2,63,0,0,,,,,0,P2_IN,,False,68.6655172413793,8191.0,False
511,517.51,230.14,3,0,0,0,,,,,0,P2_IN,,False,110.16661387393094,18815.0,False
510,465.3,206.9,3,1,1018,252,103.0,94.0,128.0,106.83544303797468,249,P2_IN,0.2475442043222004,True,106.28159278737792,48558.0,True
509,413.1,183.66,3,2,25500,6783,97.0,87.0,121.0,99.67137355584082,6783,P2_IN,0.266,True,99.44590011305446,72599.0,True
508,497.59,218.67,3,3,0,0,,,,,0,P2_IN,,False,116.53962264150942,21403.0,False
507,360.9,160.42,3,4,0,0,,,,,0,P2_IN,,False,107.0702479338843,48387.0,False
506,445.38,195.43,3,5,5977,1422,114.0,104.0,142.0,117.53846153846153,1422,P2_IN,0.23791199598460766,True,119.31795906601326,60219.0,True
505,529.86,230.43,3,6,0,0,,,,,0,P2_IN,,False,122.42220019821606,10649.0,False
504,308.7,137.19,3,7,0,0,,,,,0,P2_IN,,False,105.7008202057024,25998.0,False
503,393.18,172.19,3,8,26640,8781,90.0,81.0,113.0,93.13318777292577,8781,P2_IN,0.3296171171171171,True,93.46855226709432,84324.0,True
502,477.66,207.19,3,9,0,0,,,,,0,P2_IN,,False,115.76831019626616,24168.0,False
501,256.49,113.95,3,10,0,0,,,,,0,P2_IN,,False,110.27487707796767,12775.0,False
500,340.97,148.96,3,11,0,0,,,,,0,P2_IN,,False,97.08998474834776,48016.0,False
499,425.45,183.96,3,12,11126,3120,111.0,99.0,137.0,111.6584564860427,3120,P2_IN,0.28042423152975016,True,114.55520039341036,66833.0,True
498,509.92,218.95,3,13,0,0,,,,,0,P2_IN,,False,117.14803625377644,18300.0,False
497,288.77,125.73,3,14,0,0,,,,,0,P2_IN,,False,100.98807200173498,21723.0,False
496,373.24,160.72,3,15,0,0,,,,,0,P2_IN,,False,115.48993895546008,47513.0,False
495,457.71,195.72,3,16,1504,391,109.0,98.0,135.0,110.05263157894737,391,P2_IN,0.2599734042553192,True,111.28719172633254,48146.0,True
494,542.19,230.71,3,17,0,0,,,,,0,P2_IN,,False,111.16699410609036,6812.0,False
493,204.29,90.72,3,18,0,0,,,,,0,P2_IN,,False,115.09142857142858,7935.0,False
492,321.03,137.49,3,19,0,0,,,,,0,P2_IN,,False,121.29576174112256,19764.0,False
491,405.5,172.48,3,20,16893,3330,125.0,112.0,159.0,126.53169347209082,3330,P2_IN,0.19712306872669152,True,131.06810948440483,43204.0,True
490,489.97,207.47,3,21,0,0,,,,,0,P2_IN,,False,106.34220997857362,22337.0,False
489,236.56,102.5,3,22,0,0,,,,,0,P2_IN,,False,121.95360195360196,10275.0,False
488,152.09,67.5,3,23,0,0,,,,,0,P2_IN,,False,119.26172465960666,4158.0,False
487,522.23,219.22,3,24,0,0,,,,,0,P2_IN,,False,109.06846673095468,17278.0,False
486,437.76,184.23,3,25,1311,359,106.0,97.0,129.0,107.75838926174497,359,P2_IN,0.2738367658276125,True,109.82560784511956,58849.0,True
485,353.29,149.25,3,26,0,0,,,,,0,P2_IN,,False,108.12101713790756,46647.0,False
484,268.82,114.26,3,27,0,0,,,,,0,P2_IN,,False,115.48669585719098,17012.0,False
483,184.35,79.27,3,28,0,0,,,,,0,P2_IN,,False,122.744836775483,6224.0,False
482,470.01,195.98,3,29,0,0,,,,,0,P2_IN,,False,113.06443679291688,25867.0,False
481,385.54,161.0,3,30,1911,536,112.0,100.0,140.25,115.2,536,P2_IN,0.2804814233385662,True,116.4454054054054,53564.0,True
480,110.37,48.81,3,31,0,0,,,,,0,P2_IN,,False,104.0551724137931,2988.0,False
479,502.25,207.73,3,32,0,0,,,,,0,P2_IN,,False,109.54669308892744,14380.0,False
478,301.07,126.02,3,33,0,0,,,,,0,P2_IN,,False,116.3764404609475,17245.0,False
477,417.78,172.75,3,34,5118,1298,114.0,103.0,145.0,118.0979020979021,1298,P2_IN,0.2536146932395467,True,120.02693112546628,48314.0,True
476,534.5,219.47,3,35,0,0,,,,,0,P2_IN,,False,108.7624286016501,15313.0,False
475,216.6,91.04,3,36,0,0,,,,,0,P2_IN,,False,123.06989247311829,6341.0,False
474,333.32,137.76,3,37,0,0,,,,,0,P2_IN,,False,95.28738818193273,37600.0,False
473,450.03,184.49,3,38,0,0,,,,,0,P2_IN,,False,104.65369034680369,41408.0,False
472,248.85,102.79,3,39,0,0,,,,,0,P2_IN,,False,111.02225174360676,9928.0,False
471,365.56,149.51,3,40,0,0,,,,,0,P2_IN,,False,106.17857561891353,31660.0,False
470,482.26,196.23,3,41,0,0,,,,,0,P2_IN,,False,124.06157561122848,27669.0,False
469,132.14,56.07,3,42,0,0,,,,,0,P2_IN,,False,108.69796279893713,4352.0,False
468,514.5,207.97,3,43,0,0,,,,,0,P2_IN,,False,104.37853823405156,24389.0,False
467,397.79,161.25,3,44,6042,1887,111.0,96.0,136.0,111.58823529411765,1887,P2_IN,0.31231380337636544,True,114.09156139464376,52041.0,True
466,281.08,114.54,3,45,0,0,,,,,0,P2_IN,,False,106.13324056357628,19286.0,False
465,546.73,219.71,3,46,0,0,,,,,0,P2_IN,,False,111.24673710379118,25251.0,False
464,430.03,172.99,3,47,0,0,,,,,0,P2_IN,,False,105.21814870536068,46826.0,False
463,164.38,67.83,3,48,0,0,,,,,0,P2_IN,,False,107.06706231454004,5943.0,False
462,313.32,126.28,3,49,0,0,,,,,0,P2_IN,,False,118.84603886397608,15268.0,False
461,462.26,184.73,3,50,0,0,,,,,0,P2_IN,,False,108.54772835206586,21024.0,False
460,345.55,138.02,3,51,0,0,,,,,0,P2_IN,,False,114.60339943342775,17995.0,False
459,494.49,196.47,3,52,0,0,,,,,0,P2_IN,,False,101.34926470588236,18140.0,False
458,196.61,79.57,3,53,0,0,,,,,0,P2_IN,,False,98.92265496434447,9306.0,False
457,526.72,208.2,3,54,0,0,,,,,0,P2_IN,,False,110.94744218640504,15519.0,False
456,377.78,149.75,3,55,0,0,,,,,0,P2_IN,,False,123.16165413533837,19852.0,False
455,228.84,91.31,3,56,0,0,,,,,0,P2_IN,,False,117.33333333333331,6866.0,False
454,410.0,161.49,3,57,4,2,120.5,114.75,126.25,112.0,2,P2_IN,0.5,False,95.27660816275484,57577.0,False
453,261.06,103.05,3,58,0,0,,,,,0,P2_IN,,False,104.19902120717782,10325.0,False
452,442.23,173.22,3,59,0,0,,,,,0,P2_IN,,False,111.23214285714286,41402.0,False
451,293.29,114.78,3,60,0,0,,,,,0,P2_IN,,False,115.57863792258696,12553.0,False
450,474.46,184.96,3,61,0,0,,,,,0,P2_IN,,False,109.32486906840184,18933.0,False
449,325.51,126.52,3,62,0,0,,,,,0,P2_IN,,False,254.0,455.0,False
448,506.68,196.69,3,63,0,0,,,,,0,P2_IN,,False,93.5792726408367,12075.0,False
575,310.97,158.95,4,0,0,0,,,,,0,P2_IN,,False,187.60975609756096,5261.0,False
574,402.88,205.11,4,1,28772,1701,161.0,133.0,221.0,162.9873417721519,1701,P2_IN,0.05911997775615181,True,170.28029504741835,18757.0,True
573,494.8,251.27,4,2,0,0,,,,,0,P2_IN,,False,165.53656024716787,10302.0,False
572,291.14,147.51,4,3,0,0,,,,,0,P2_IN,,False,186.1939058171745,3820.0,False
571,383.06,193.67,4,4,34037,2411,162.0,135.0,218.0,164.7653429602888,2411,P2_IN,0.07083467990715986,True,174.89931809065382,20835.0,True
570,474.97,239.84,4,5,0,0,,,,,0,P2_IN,,False,183.44051910598407,14694.0,False
569,199.23,101.36,4,6,0,0,,,,,0,P2_IN,,False,206.22222222222223,1888.0,False
568,271.31,136.08,4,7,0,0,,,,,0,P2_IN,,False,193.8512396694215,3332.0,False
567,363.22,182.24,4,8,0,0,,,,,0,P2_IN,,False,184.288,17185.0,False
566,455.14,228.4,4,9,788,106,113.0,94.0,164.0,113.14285714285714,105,P2_IN,0.13451776649746192,True,180.8775710088149,22165.0,True
565,179.39,89.93,4,10,0,0,,,,,0,P2_IN,,False,232.5818181818182,1359.0,False
564,435.3,216.96,4,11,23993,1542,181.0,154.0,243.0,184.94117647058823,1542,P2_IN,0.06426874505063977,True,197.65420560747663,20520.0,True
563,527.22,263.12,4,12,0,0,,,,,0,P2_IN,,False,167.5505617977528,4898.0,False
562,343.39,170.8,4,13,0,0,,,,,0,P2_IN,,False,231.42327497425333,18783.0,False
561,251.47,124.65,4,14,0,0,,,,,0,P2_IN,,False,612.2247191011236,6350.0,False
560,507.38,251.68,4,15,0,0,,,,,0,P2_IN,,False,202.57249070631968,6761.0,False
559,415.46,205.52,4,16,21647,1415,193.0,161.0,258.0,195.07692307692307,1415,P2_IN,0.06536702545387352,True,204.8864059590317,22108.0,True
558,159.55,78.51,4,17,0,0,,,,,0,P2_IN,,False,227.46268656716416,1431.0,False
557,323.54,159.36,4,18,0,0,,,,,0,P2_IN,,False,200.0774193548387,8368.0,False
556,487.54,240.23,4,19,0,0,,,,,0,P2_IN,,False,214.54308943089436,9139.0,False
555,231.62,113.22,4,20,0,0,,,,,0,P2_IN,,False,205.92207792207796,2396.0,False
554,395.62,194.08,4,21,43851,2441,185.0,155.0,249.0,185.65413533834587,2441,P2_IN,0.05566577729128184,True,194.3780821917808,19042.0,True
553,303.7,147.93,4,22,0,0,,,,,0,P2_IN,,False,397.64301075268816,10225.0,False
552,467.7,228.79,4,23,0,0,,,,,0,P2_IN,,False,202.3503448275862,16892.0,False
551,139.69,67.1,4,24,0,0,,,,,0,P2_IN,,False,221.88888888888889,1425.0,False
550,375.77,182.64,4,25,12610,845,186.0,157.0,254.0,187.61290322580646,845,P2_IN,0.06701030927835051,True,199.0401836969001,21181.0,True
549,211.76,101.79,4,26,0,0,,,,,0,P2_IN,,False,214.8679245283019,1927.0,False
548,447.85,217.35,4,27,22808,1692,194.0,160.0,266.0,195.44827586206898,1384,P2_IN,0.07418449666783584,True,202.7954256670902,19698.0,True
547,519.93,252.06,4,28,0,0,,,,,0,P2_IN,,False,202.76543209876544,5452.0,False
546,283.84,136.49,4,29,0,0,,,,,0,P2_IN,,False,223.8630136986301,4067.0,False
545,355.92,171.19,4,30,0,0,,,,,0,P2_IN,,False,202.78761699064077,15425.0,False
544,427.99,205.9,4,31,12203,714,212.0,176.0,290.0,213.0,714,P2_IN,0.05851020240924363,True,219.3289552238806,21548.0,True
543,500.07,240.61,4,32,0,0,,,,,0,P2_IN,,False,196.68539325842696,8917.0,False
542,191.89,90.36,4,33,0,0,,,,,0,P2_IN,,False,191.11724137931037,1918.0,False
541,263.97,125.05,4,34,0,0,,,,,0,P2_IN,,False,223.43661971830983,3137.0,False
540,408.13,194.45,4,35,34754,2746,197.0,165.0,260.0,199.24279835390948,2746,P2_IN,0.07901248777119181,True,210.7852998065764,29734.0,True
539,480.21,229.16,4,36,0,0,,,,,0,P2_IN,,False,,0.0,False
538,336.05,159.75,4,37,0,0,,,,,0,P2_IN,,False,192.40029873039583,15211.0,False
537,119.81,55.69,4,38,0,0,,,,,0,P2_IN,,False,191.62033898305089,2300.0,False
536,388.27,183.0,4,39,38496,264,190.5,148.75,285.5,191.46666666666667,264,P2_IN,0.00685785536159601,True,137.83322943573566,994156725.0,False
535,460.35,217.71,4,40,1426,863,179.0,118.0,221.0,180.0,25,P2_IN,0.6051893408134642,False,137.30803793983193,1428351.0,True
534,532.43,252.42,4,41,0,0,,,,,0,P2_IN,,False,136.01165466251078,140193833.0,False
533,316.18,148.3,4,42,0,0,,,,,0,P2_IN,,False,136.62578260541602,14294.0,False
532,244.1,113.61,4,43,0,0,,,,,0,P2_IN,,False,152.6333853354134,8303.0,False
531,172.0,78.92,4,44,0,0,,,,,0,P2_IN,,False,154.4144527098831,1225.0,False
530,512.56,240.96,4,45,0,0,,,,,0,P2_IN,,False,136.55760368663596,2503.0,False
529,440.48,206.26,4,46,15054,98,209.0,176.25,288.5,211.55555555555557,98,P2_IN,0.006509897701607546,True,560.0,460.0,True
528,368.39,171.55,4,47,0,0,,,,,0,P2_IN,,False,140.17391304347825,804.0,False
527,296.3,136.85,4,48,0,0,,,,,0,P2_IN,,False,1010.1132075471698,368.0,False
526,492.68,229.51,4,49,0,0,,,,,0,P2_IN,,False,141.0422270878949,5212.0,False
525,224.2,102.16,4,50,0,0,,,,,0,P2_IN,,False,1012.9904761904762,289.0,False
524,420.6,194.8,4,51,20030,251,181.0,132.5,259.0,181.62962962962962,251,P2_IN,0.012531203195207188,True,240.21981200289227,3238.0,True
523,348.5,160.1,4,52,0,0,,,,,0,P2_IN,,False,236.0,518.0,False
522,276.41,125.4,4,53,0,0,,,,,0,P2_IN,,False,1013.8767772511848,267.0,False
521,472.8,218.05,4,54,0,0,,,,,0,P2_IN,,False,154.6139534883721,1175.0,False
520,400.71,183.35,4,55,32516,314,162.5,104.25,242.25,161.92,314,P2_IN,0.009656784352318858,True,138.034265103697,1391.0,True
519,328.61,148.65,4,56,0,0,,,,,0,P2_IN,,False,1012.8,301.0,False
518,525.01,241.3,4,57,0,0,,,,,0,P2_IN,,False,1014.3856502242152,268.0,False
517,452.91,206.59,4,58,13768,422,130.0,102.0,193.0,131.73333333333335,183,P2_IN,0.03065078442765834,True,1014.1004566210046,271.0,False
516,380.81,171.89,4,59,6892,143,97.0,82.5,172.0,96.61538461538461,143,P2_IN,0.020748694138131168,True,1011.0599078341014,351.0,True
515,433.01,195.13,4,60,7542,93,154.0,114.0,226.0,157.0,93,P2_IN,0.012330946698488464,True,1013.2477064220184,293.0,True
514,505.11,229.83,4,61,0,0,,,,,0,P2_IN,,False,1009.1954022988506,322.0,False
513,485.21,218.37,4,62,0,0,,,,,0,P2_IN,,False,1009.3755656108598,404.0,False
512,537.42,241.61,4,63,0,0,,,,,0,P2_IN,,False,1009.5930735930737,416.0,False
576,514.62,262.71,5,0,0,0,,,,,0,P2_IN,,False,95.49829668628058,31760.0,False
577,219.06,112.78,5,1,0,0,,,,,0,P2_IN,,False,97.4492330168006,8014.0,False
578,422.71,216.54,5,2,11330,2649,110.0,97.0,143.0,110.55723542116631,2649,P2_IN,0.23380406001765225,True,111.03621411051796,83314.0,True
579,330.79,170.38,5,3,0,0,,,,,0,P2_IN,,False,97.41858407079646,45903.0,False
580,127.15,66.61,5,4,0,0,,,,,0,P2_IN,,False,118.32326820603907,3463.0,False
581,442.53,227.98,5,5,20798,5873,99.0,90.0,127.0,103.42241925269158,5871,P2_IN,0.28238292143475335,True,107.79228119756247,100375.0,True
582,238.88,124.21,5,6,0,0,,,,,0,P2_IN,,False,103.9020979020979,11995.0,False
583,350.61,181.81,5,7,0,0,,,,,0,P2_IN,,False,120.01664830456605,43992.0,False
584,462.35,239.41,5,8,0,0,,,,,0,P2_IN,,False,107.82418699186992,62016.0,False
585,146.97,78.02,5,9,0,0,,,,,0,P2_IN,,False,114.26443202979516,3780.0,False
586,258.7,135.63,5,10,0,0,,,,,0,P2_IN,,False,116.343792633015,6724.0,False
587,482.17,250.84,5,11,0,0,,,,,0,P2_IN,,False,99.977210071678,60194.0,False
588,370.43,193.24,5,12,6700,2027,97.0,86.0,124.0,99.33004926108374,2027,P2_IN,0.3025373134328358,True,100.42592497562478,91169.0,True
589,501.98,262.28,5,13,0,0,,,,,0,P2_IN,,False,132.43986254295532,19180.0,False
590,390.25,204.67,5,14,18742,3778,115.0,102.0,152.0,118.71870794078062,3778,P2_IN,0.20157934051862128,True,122.85034749034747,67840.0,True
591,278.51,147.06,5,15,0,0,,,,,0,P2_IN,,False,118.6829865361077,9665.0,False
592,521.8,273.71,5,16,0,0,,,,,0,P2_IN,,False,107.1463687150838,11775.0,False
593,410.06,216.1,5,17,9309,2236,107.0,96.0,141.0,108.83018867924528,2236,P2_IN,0.24019765818025568,True,109.94825716498838,81148.0,True
594,166.78,89.44,5,18,0,0,,,,,0,P2_IN,,False,113.73737373737374,4157.0,False
595,298.32,158.49,5,19,0,0,,,,,0,P2_IN,,False,128.8877551020408,12474.0,False
596,429.87,227.53,5,20,12381,2158,117.0,103.0,163.0,121.06811989100817,2158,P2_IN,0.17429932961796302,True,123.71772004652966,56646.0,True
597,186.59,100.86,5,21,0,0,,,,,0,P2_IN,,False,134.84468664850135,5024.0,False
598,318.13,169.91,5,22,0,0,,,,,0,P2_IN,,False,113.52941176470588,19407.0,False
599,449.68,238.96,5,23,72,16,102.0,90.75,155.5,104.0,16,P2_IN,0.2222222222222222,False,107.45906536377905,76133.0,False
600,206.39,112.28,5,24,0,0,,,,,0,P2_IN,,False,125.83501006036217,4145.0,False
601,469.49,250.39,5,25,0,0,,,,,0,P2_IN,,False,129.1195335276968,39034.0,False
602,337.94,181.34,5,26,0,0,,,,,0,P2_IN,,False,113.51841359773373,38082.0,False
603,489.3,261.82,5,27,0,0,,,,,0,P2_IN,,False,105.4819361138234,30721.0,False
604,357.75,192.77,5,28,0,0,,,,,0,P2_IN,,False,121.59880339039388,57941.0,False
605,509.11,273.25,5,29,0,0,,,,,0,P2_IN,,False,107.77504926481734,24368.0,False
606,226.2,123.7,5,30,0,0,,,,,0,P2_IN,,False,110.36021100226074,9316.0,False
607,377.55,204.2,5,31,19743,4219,111.0,97.0,146.5,111.6907366885485,4219,P2_IN,0.21369599351668947,True,115.8975929978118,59869.0,True
608,246.0,135.13,5,32,0,0,,,,,0,P2_IN,,False,119.90606653620353,8437.0,False
609,397.36,215.62,5,33,20521,5681,107.0,97.0,137.0,109.28735632183908,5681,P2_IN,0.2768383607036694,True,109.6722793157701,92342.0,True
610,265.8,146.55,5,34,0,0,,,,,0,P2_IN,,False,898.2068965517242,54302.0,False
611,417.16,227.05,5,35,11947,4146,100.0,89.0,129.0,102.74446680080483,4146,P2_IN,0.34703272788147654,True,101.4434769665848,118068.0,True
612,285.6,157.98,5,36,0,0,,,,,0,P2_IN,,False,118.96608187134504,10825.0,False
613,436.96,238.48,5,37,15397,3726,109.0,96.0,143.75,110.5038961038961,3726,P2_IN,0.2419951938689355,True,110.93575854843743,74842.0,True
614,305.4,169.4,5,38,0,0,,,,,0,P2_IN,,False,106.34432823813354,20133.0,False
615,456.76,249.91,5,39,1,0,,,,,0,P2_IN,0.0,False,103.24221605028504,67302.0,False
616,173.82,100.28,5,40,0,0,,,,,0,P2_IN,,False,99.8784,4225.0,False
617,476.56,261.34,5,41,0,0,,,,,0,P2_IN,,False,113.4853017019082,25814.0,False
618,325.2,180.83,5,42,0,0,,,,,0,P2_IN,,False,130.5517873510541,17778.0,False
619,496.36,272.76,5,43,0,0,,,,,0,P2_IN,,False,121.22960439144424,24217.0,False
620,344.99,192.26,5,44,0,0,,,,,0,P2_IN,,False,108.04157043879908,44984.0,False
621,516.16,284.19,5,45,0,0,,,,,0,P2_IN,,False,124.63120567375888,9826.0,False
622,364.79,203.69,5,46,7392,3983,93.0,81.0,113.0,94.47641791044776,3983,P2_IN,0.5388257575757576,True,94.63304578633046,138059.0,True
623,213.41,123.14,5,47,0,0,,,,,0,P2_IN,,False,102.15643044619422,8514.0,False
624,384.59,215.11,5,48,18685,5793,104.0,96.0,129.0,107.56131605184447,5793,P2_IN,0.31003478726251005,True,107.80742714790568,97550.0,True
625,404.39,226.54,5,49,13263,3446,113.0,100.0,142.0,112.47971781305115,3446,P2_IN,0.2598205534192867,True,116.04387785354284,79904.0,True
626,252.99,145.99,5,50,0,0,,,,,0,P2_IN,,False,120.3020940611054,12469.0,False
627,424.18,237.97,5,51,19981,4885,120.0,108.0,153.0,122.65594855305466,4885,P2_IN,0.24448225814523797,True,124.69204938781836,74886.0,True
628,272.79,157.42,5,52,0,0,,,,,0,P2_IN,,False,126.7254346947028,8800.0,False
629,443.98,249.39,5,53,40,8,112.5,107.25,122.25,112.0,8,P2_IN,0.2,False,117.28890815631388,76931.0,False
630,463.78,260.82,5,54,0,0,,,,,0,P2_IN,,False,114.29888317674173,35849.0,False
631,312.38,180.28,5,55,0,0,,,,,0,P2_IN,,False,105.6627687665032,10416.0,False
632,483.57,272.25,5,56,0,0,,,,,0,P2_IN,,False,114.1842250413679,23908.0,False
633,351.96,203.13,5,57,0,0,,,,,0,P2_IN,,False,124.76901798063624,36980.0,False
634,503.37,283.68,5,58,0,0,,,,,0,P2_IN,,False,118.83769633507852,15057.0,False
635,411.35,237.42,5,59,13046,1634,101.0,90.0,126.75,103.82309582309583,1634,P2_IN,0.12524911850375595,True,103.07287509238728,51630.0,True
636,431.14,248.85,5,60,10341,2696,97.0,86.0,123.0,99.45623836126629,2696,P2_IN,0.2607097959578377,True,104.72110427407284,63602.0,True
637,450.94,260.27,5,61,0,0,,,,,0,P2_IN,,False,96.76878797569556,35261.0,False
638,470.73,271.7,5,62,0,0,,,,,0,P2_IN,,False,103.662129703763,22143.0,False
639,510.32,294.56,5,63,0,0,,,,,0,P2_IN,,False,97.88051367950864,9895.0,False
703,398.96,257.7,6,0,3313,525,97.0,86.0,141.0,99.04225352112675,525,P2_IN,0.1584666465439179,True,101.3419147224457,22226.0,True
702,187.46,121.75,6,1,0,0,,,,,0,P2_IN,,False,93.75419501133788,6337.0,False
701,313.02,201.18,6,2,0,0,,,,,0,P2_IN,,False,92.02937765751837,14500.0,False
700,418.77,269.15,6,3,2154,402,102.0,94.0,139.0,106.71186440677967,402,P2_IN,0.18662952646239556,True,108.3969003969004,20593.0,True
699,207.27,133.21,6,4,0,0,,,,,0,P2_IN,,False,101.2217054263566,7207.0,False
698,438.58,280.59,6,5,0,0,,,,,0,P2_IN,,False,90.93647568738994,23371.0,False
697,332.83,212.63,6,6,0,0,,,,,0,P2_IN,,False,103.07042253521126,2119.0,False
696,227.07,144.66,6,7,0,0,,,,,0,P2_IN,,False,104.44543429844096,1706.0,False
695,458.39,292.04,6,8,0,0,,,,,0,P2_IN,,False,104.4557956777996,19512.0,False
694,352.63,224.08,6,9,1982,312,117.0,107.0,153.25,122.74285714285715,312,P2_IN,0.1574167507568113,True,123.21720832359132,19207.0,True
693,246.88,156.11,6,10,0,0,,,,,0,P2_IN,,False,111.19958527734578,8419.0,False
692,478.2,303.48,6,11,0,0,,,,,0,P2_IN,,False,119.10105580693816,10085.0,False
691,372.44,235.52,6,12,7090,2055,92.0,82.0,181.5,93.59747102212856,2055,P2_IN,0.28984485190409026,True,93.97611177222444,51450.0,True
690,498.01,314.93,6,13,0,0,,,,,0,P2_IN,,False,100.86676016830296,16005.0,False
689,121.33,76.7,6,14,0,0,,,,,0,P2_IN,,False,133.7041420118343,4907.0,False
688,392.25,246.96,6,15,5374,973,107.0,92.0,141.0,107.44615384615385,973,P2_IN,0.18105694082620022,True,110.22560370492889,32303.0,True
687,266.68,167.56,6,16,0,0,,,,,0,P2_IN,,False,98.49377415199656,13670.0,False
686,141.12,88.16,6,17,0,0,,,,,0,P2_IN,,False,104.75757575757576,4892.0,False
685,412.05,258.41,6,18,6138,1312,105.0,95.0,136.25,108.0392156862745,1312,P2_IN,0.2137504072987944,True,106.84544065206316,39840.0,True
684,286.48,179.0,6,19,0,0,,,,,0,P2_IN,,False,93.19547262159682,9166.0,False
683,431.85,269.85,6,20,18,1,80.0,80.0,80.0,88.0,1,P2_IN,0.05555555555555555,False,110.10815173527038,21199.0,False
682,160.91,99.61,6,21,0,0,,,,,0,P2_IN,,False,107.45152354570637,9972.0,False
681,306.28,190.45,6,22,0,0,,,,,0,P2_IN,,False,103.92831541218638,21870.0,False
680,451.66,281.29,6,23,0,0,,,,,0,P2_IN,,False,122.79365079365078,13282.0,False
679,471.46,292.73,6,24,0,0,,,,,0,P2_IN,,False,109.27206586253112,21433.0,False
678,326.08,201.89,6,25,0,0,,,,,0,P2_IN,,False,114.46792162888974,16913.0,False
677,491.26,304.16,6,26,0,0,,,,,0,P2_IN,,False,110.2780269058296,12728.0,False
676,180.71,111.05,6,27,0,0,,,,,0,P2_IN,,False,106.19761129207384,6140.0,False
675,345.88,213.32,6,28,0,0,,,,,0,P2_IN,,False,94.99121789560894,22153.0,False
674,200.5,122.49,6,29,0,0,,,,,0,P2_IN,,False,107.11385701676964,6668.0,False
673,365.68,224.76,6,30,6218,1213,129.0,106.0,170.0,130.8995633187773,1213,P2_IN,0.19507880347378578,True,137.14211297411688,34840.0,True
672,220.29,133.93,6,31,0,0,,,,,0,P2_IN,,False,113.43738656987296,10952.0,False
671,385.48,236.2,6,32,10107,2314,100.5,80.0,216.0,103.62694300518135,2314,P2_IN,0.22895023251212032,True,109.37019719455174,61535.0,True
670,405.28,247.63,6,33,6130,1196,113.0,99.0,143.0,114.33333333333333,1196,P2_IN,0.19510603588907013,True,117.48684506408816,44428.0,True
669,240.09,145.37,6,34,0,0,,,,,0,P2_IN,,False,105.07614814814816,29102.0,False
668,425.08,259.07,6,35,3671,610,96.0,86.0,116.0,100.30344827586207,610,P2_IN,0.1661672568782348,True,98.20011983223488,22729.0,True
667,259.88,156.8,6,36,0,0,,,,,0,P2_IN,,False,100.81886387995712,11250.0,False
666,444.87,270.5,6,37,0,0,,,,,0,P2_IN,,False,102.52942222222222,26113.0,False
665,279.68,168.24,6,38,0,0,,,,,0,P2_IN,,False,146.55072463768116,17896.0,False
664,464.67,281.94,6,39,0,0,,,,,0,P2_IN,,False,105.28941726758916,24686.0,False
663,484.47,293.37,6,40,0,0,,,,,0,P2_IN,,False,120.12037037037037,15379.0,False
662,299.47,179.67,6,41,0,0,,,,,0,P2_IN,,False,108.6622418879056,19001.0,False
661,504.27,304.81,6,42,0,0,,,,,0,P2_IN,,False,88.80037054191756,14151.0,False
660,104.54,60.29,6,43,0,0,,,,,0,P2_IN,,False,127.05226480836237,1862.0,False
659,319.27,191.1,6,44,0,0,,,,,0,P2_IN,,False,121.9521912350598,26481.0,False
658,114.45,66.0,6,45,0,0,,,,,0,P2_IN,,False,321.04761904761904,7348.0,False
657,339.06,202.53,6,46,0,0,,,,,0,P2_IN,,False,93.40455696202532,22371.0,False
656,358.86,213.97,6,47,3633,814,93.0,81.0,122.0,94.51162790697674,814,P2_IN,0.22405725295898707,True,104.11468317923487,60942.0,True
655,134.24,77.43,6,48,0,0,,,,,0,P2_IN,,False,112.69198312236288,4467.0,False
654,378.65,225.4,6,49,9939,1515,106.0,91.0,144.0,107.88746803069054,1515,P2_IN,0.1524298219136734,True,110.06690584698924,40412.0,True
653,398.45,236.83,6,50,8096,1777,99.0,89.0,129.0,102.6815144766147,1777,P2_IN,0.21949110671936758,True,98.48474512033351,107536.0,True
652,418.24,248.26,6,51,10561,1193,92.0,80.0,122.0,93.41747572815534,1193,P2_IN,0.1129627876148092,True,91.69057211925866,39750.0,True
651,154.03,88.86,6,52,0,0,,,,,0,P2_IN,,False,124.15469613259668,3453.0,False
650,438.04,259.69,6,53,3,0,,,,,0,P2_IN,0.0,False,104.12762078395625,35393.0,False
649,457.83,271.12,6,54,0,0,,,,,0,P2_IN,,False,92.91565113500596,23229.0,False
648,477.63,282.55,6,55,0,0,,,,,0,P2_IN,,False,116.61216730038024,28817.0,False
647,497.42,293.98,6,56,0,0,,,,,0,P2_IN,,False,96.30790762771169,18447.0,False
646,193.61,111.71,6,57,0,0,,,,,0,P2_IN,,False,103.32682926829268,5309.0,False
645,233.2,134.56,6,58,0,0,,,,,0,P2_IN,,False,95.8921651221567,8608.0,False
644,292.58,168.85,6,59,0,0,,,,,0,P2_IN,,False,96.22492190211732,17211.0,False
643,332.17,191.7,6,60,0,0,,,,,0,P2_IN,,False,109.22487046632124,19379.0,False
642,371.76,214.56,6,61,14787,4575,81.0,73.0,106.0,84.97107800175284,4575,P2_IN,0.30939338608236966,True,83.73137717229936,94330.0,True
641,391.55,225.99,6,62,17955,3780,88.0,78.0,122.0,90.77631578947368,3780,P2_IN,0.21052631578947367,True,89.33175374811063,76502.0,True
640,490.53,283.13,6,63,0,0,,,,,0,P2_IN,,False,95.53610638626876,18063.0,False
704,293.2,189.73,7,0,0,0,,,,,0,P2_IN,,False,170.4,1855.0,False
705,167.65,110.29,7,1,0,0,,,,,0,P2_IN,,False,164.9108910891089,3588.0,False
706,484.89,314.22,7,2,0,0,,,,,0,P2_IN,,False,177.40845070422534,3778.0,False
707,379.14,246.25,7,3,5620,86,113.5,92.0,210.5,116.00000000000001,86,P2_IN,0.015302491103202847,True,176.62745098039215,4968.0,True
708,273.39,178.27,7,4,0,0,,,,,0,P2_IN,,False,178.11453744493392,3172.0,False
709,465.08,302.76,7,5,0,0,,,,,0,P2_IN,,False,1009.0774986638162,10470.0,False
710,359.32,234.79,7,6,3913,43,120.0,81.5,215.5,114.66666666666667,43,P2_IN,0.01098901098901099,False,167.56275303643724,5803.0,True
711,253.57,166.81,7,7,0,0,,,,,0,P2_IN,,False,172.17142857142858,5021.0,False
712,445.26,291.31,7,8,0,0,,,,,0,P2_IN,,False,194.04904632152588,5024.0,False
713,339.5,223.33,7,9,0,0,,,,,0,P2_IN,,False,203.97080291970804,3576.0,False
714,147.84,98.81,7,10,0,0,,,,,0,P2_IN,,False,187.31034482758625,9878.0,False
715,425.44,279.86,7,11,27,1,264.0,264.0,264.0,264.0,1,P2_IN,0.037037037037037035,False,205.9714285714286,4555.0,False
716,233.76,155.35,7,12,0,0,,,,,0,P2_IN,,False,194.3859649122807,4384.0,False
717,319.68,211.87,7,13,0,0,,,,,0,P2_IN,,False,195.55555555555557,2972.0,False
718,405.61,268.4,7,14,1789,45,106.0,95.0,139.0,108.36363636363636,45,P2_IN,0.02515371716042482,False,184.03619909502265,5076.0,True
719,491.55,324.92,7,15,0,0,,,,,0,P2_IN,,False,201.1737451737452,3651.0,False
720,128.02,87.32,7,16,0,0,,,,,0,P2_IN,,False,179.9840637450199,5966.0,False
721,213.93,143.87,7,17,0,0,,,,,0,P2_IN,,False,232.93982808022923,5658.0,False
722,471.72,313.46,7,18,0,0,,,,,0,P2_IN,,False,192.9142857142857,2268.0,False
723,385.79,256.94,7,19,1620,21,98.0,88.0,185.0,108.0,21,P2_IN,0.012962962962962963,False,219.75221238938053,2126.0,True
724,299.86,200.41,7,20,0,0,,,,,0,P2_IN,,False,209.900293255132,5265.0,False
725,451.89,302.0,7,21,0,0,,,,,0,P2_IN,,False,191.8952536824877,6690.0,False
726,365.96,245.47,7,22,2071,5,95.0,85.0,134.0,93.33333333333333,5,P2_IN,0.0024142926122646064,False,212.22222222222223,3685.0,True
727,280.03,188.94,7,23,0,0,,,,,0,P2_IN,,False,,0.0,False
728,194.1,132.39,7,24,0,0,,,,,0,P2_IN,,False,157.30180460485377,12584.0,False
729,432.06,290.54,7,25,0,0,,,,,0,P2_IN,,False,155.0104025327906,8207.0,False
730,346.13,234.0,7,26,634,2,453.5,360.75,546.25,272.0,2,P2_IN,0.0031545741324921135,False,141.6620336503292,4681.0,True
731,108.2,75.81,7,27,0,0,,,,,0,P2_IN,,False,137.88526315789474,9763.0,False
732,260.19,177.46,7,28,0,0,,,,,0,P2_IN,,False,136.81452872051935,13418.0,False
733,412.22,279.07,7,29,204,16,103.5,90.75,117.0,104.0,16,P2_IN,0.0784313725490196,False,136.32,766.0,False
734,174.27,120.9,7,30,0,0,,,,,0,P2_IN,,False,137.5438596491228,3536.0,False
735,478.32,324.13,7,31,0,0,,,,,0,P2_IN,,False,155.03510758776898,1218.0,False
736,326.29,222.53,7,32,0,0,,,,,0,P2_IN,,False,1009.0357142857144,419.0,False
737,392.38,267.6,7,33,148,8,86.5,82.75,99.75,89.6,8,P2_IN,0.05405405405405406,False,1012.9680365296804,302.0,False
738,240.35,165.98,7,34,0,0,,,,,0,P2_IN,,False,137.6825938566553,2837.0,False
739,458.48,312.66,7,35,0,0,,,,,0,P2_IN,,False,138.38573743922203,1604.0,False
740,306.45,211.05,7,36,0,0,,,,,0,P2_IN,,False,576.0,446.0,False
741,372.54,256.12,7,37,161,0,,,,,0,P2_IN,0.0,False,1012.310502283105,320.0,False
742,154.43,109.39,7,38,0,0,,,,,0,P2_IN,,False,126.28187919463087,1064.0,False
743,438.64,301.19,7,39,0,0,,,,,0,P2_IN,,False,1008.663594470046,416.0,False
744,220.51,154.49,7,40,0,0,,,,,0,P2_IN,,False,283.6923076923077,561.0,False
745,286.6,199.57,7,41,0,0,,,,,0,P2_IN,,False,1013.8378378378378,282.0,False
746,352.69,244.64,7,42,55,1,112.0,112.0,112.0,120.0,1,P2_IN,0.01818181818181818,False,1009.5357142857144,405.0,False
747,418.79,289.71,7,43,0,0,,,,,0,P2_IN,,False,1011.818181818182,335.0,False
748,484.88,334.78,7,44,0,0,,,,,0,P2_IN,,False,1012.8711111111112,313.0,False
749,200.65,142.98,7,45,0,0,,,,,0,P2_IN,,False,1009.0357142857144,419.0,False
750,266.74,188.07,7,46,0,0,,,,,0,P2_IN,,False,1010.3225806451612,371.0,False
751,332.84,233.15,7,47,0,0,,,,,0,P2_IN,,False,133.6956793988729,2769.0,False
752,465.03,323.3,7,48,0,0,,,,,0,P2_IN,,False,141.2701100762066,1961.0,False
753,398.93,278.23,7,49,0,0,,,,,0,P2_IN,,False,246.54545454545456,579.0,False
754,246.88,176.57,7,50,0,0,,,,,0,P2_IN,,False,1010.8256880733944,359.0,False
755,312.98,221.66,7,51,0,0,,,,,0,P2_IN,,False,1011.0599078341014,351.0,False
756,445.17,311.82,7,52,0,0,,,,,0,P2_IN,,False,1012.2666666666668,330.0,False
757,379.08,266.74,7,53,0,0,,,,,0,P2_IN,,False,1012.2242990654206,315.0,False
758,293.11,210.16,7,54,0,0,,,,,0,P2_IN,,False,1012.5767441860464,307.0,False
759,359.21,255.25,7,55,0,0,,,,,0,P2_IN,,False,1012.072072072072,331.0,False
760,425.31,300.33,7,56,0,0,,,,,0,P2_IN,,False,1011.7009345794391,329.0,False
761,339.34,243.74,7,57,0,0,,,,,0,P2_IN,,False,1013.6216216216216,288.0,False
762,405.44,288.83,7,58,0,0,,,,,0,P2_IN,,False,1013.4545454545456,290.0,False
763,471.54,333.92,7,59,0,0,,,,,0,P2_IN,,False,122.82556879739978,1249.0,False
764,385.57,277.33,7,60,0,0,,,,,0,P2_IN,,False,1013.7757847533632,285.0,False
765,451.67,322.42,7,61,0,0,,,,,0,P2_IN,,False,1013.4977973568282,298.0,False
766,431.79,310.92,7,62,0,0,,,,,0,P2_IN,,False,1013.6872037914692,272.0,False
767,478.02,344.51,7,63,0,0,,,,,0,P2_IN,,False,1011.0357142857144,363.0,False
447,144.35,56.38,8,0,0,0,,,,,0,P2_MID,,False,115.34102141680395,10093.0,False
446,538.9,208.42,8,1,0,0,,,,,0,P2_MID,,False,95.54545454545456,23514.0,False
445,357.74,138.25,8,2,0,0,,,,,0,P2_MID,,False,108.56968959220936,32168.0,False
444,176.57,68.11,8,3,0,0,,,,,0,P2_MID,,False,99.45912596401028,16623.0,False
443,389.96,149.98,8,4,0,0,,,,,0,P2_MID,,False,94.76299344612102,69075.0,False
442,422.18,161.71,8,5,0,0,,,,,0,P2_MID,,False,117.70685491361697,98364.0,False
441,208.79,79.83,8,6,0,0,,,,,0,P2_MID,,False,102.95588235294116,21443.0,False
440,454.4,173.44,8,7,0,0,,,,,0,P2_MID,,False,124.0129413419609,60047.0,False
439,486.62,185.17,8,8,0,0,,,,,0,P2_MID,,False,107.7956938550998,41290.0,False
438,241.01,91.56,8,9,0,0,,,,,0,P2_MID,,False,104.88150943396226,24219.0,False
437,518.84,196.9,8,10,0,0,,,,,0,P2_MID,,False,103.98827266064012,27215.0,False
436,551.06,208.62,8,11,0,0,,,,,0,P2_MID,,False,85.22200392927309,20828.0,False
435,273.23,103.28,8,12,0,0,,,,,0,P2_MID,,False,92.33847163004263,31337.0,False
434,305.44,115.01,8,13,0,0,,,,,0,P2_MID,,False,97.97442799461642,44957.0,False
433,337.66,126.74,8,14,0,0,,,,,0,P2_MID,,False,94.34302271240304,48220.0,False
432,369.88,138.46,8,15,0,0,,,,,0,P2_MID,,False,102.4383434155421,52122.0,False
431,402.1,150.19,8,16,0,0,,,,,0,P2_MID,,False,118.35256203673865,76366.0,False
430,434.32,161.91,8,17,0,0,,,,,0,P2_MID,,False,132.00482625482624,76175.0,False
429,466.54,173.64,8,18,0,0,,,,,0,P2_MID,,False,123.19401970778118,52386.0,False
428,498.76,185.37,8,19,0,0,,,,,0,P2_MID,,False,121.45774225774224,38395.0,False
427,530.97,197.09,8,20,0,0,,,,,0,P2_MID,,False,118.13388259526262,30148.0,False
426,253.12,91.77,8,21,0,0,,,,,0,P2_MID,,False,116.81322718922227,23525.0,False
425,285.33,103.49,8,22,0,0,,,,,0,P2_MID,,False,112.34861006761834,33044.0,False
424,317.55,115.21,8,23,0,0,,,,,0,P2_MID,,False,123.89228243021346,45467.0,False
423,349.77,126.94,8,24,0,0,,,,,0,P2_MID,,False,107.44029026660355,38787.0,False
422,381.99,138.66,8,25,0,0,,,,,0,P2_MID,,False,121.01026560208572,50760.0,False
421,414.21,150.38,8,26,0,0,,,,,0,P2_MID,,False,113.36768384192096,73481.0,False
420,446.43,162.1,8,27,0,0,,,,,0,P2_MID,,False,134.51237653944642,67474.0,False
419,478.64,173.83,8,28,0,0,,,,,0,P2_MID,,False,119.52458673362628,39091.0,False
418,510.86,185.55,8,29,0,0,,,,,0,P2_MID,,False,109.1344223578036,32690.0,False
417,543.08,197.28,8,30,0,0,,,,,0,P2_MID,,False,123.04980842911876,25987.0,False
416,220.9,80.06,8,31,0,0,,,,,0,P2_MID,,False,121.54808072813611,22346.0,False
415,188.68,68.35,8,32,0,0,,,,,0,P2_MID,,False,90.61098398169337,25627.0,False
414,156.46,56.64,8,33,0,0,,,,,0,P2_MID,,False,100.53672869735551,16190.0,False
413,124.24,44.94,8,34,0,0,,,,,0,P2_MID,,False,79.19357249626307,20783.0,False
412,426.28,150.56,8,35,0,0,,,,,0,P2_MID,,False,126.6164831175118,67671.0,False
411,458.5,162.28,8,36,0,0,,,,,0,P2_MID,,False,141.77917981072557,50390.0,False
410,490.72,174.01,8,37,0,0,,,,,0,P2_MID,,False,124.80881729546418,33796.0,False
409,522.94,185.73,8,38,0,0,,,,,0,P2_MID,,False,117.4675615212528,26998.0,False
408,555.16,197.45,8,39,0,0,,,,,0,P2_MID,,False,88.89438202247192,18280.0,False
407,394.06,138.84,8,40,0,0,,,,,0,P2_MID,,False,121.79439252336448,50835.0,False
406,361.84,127.12,8,41,0,0,,,,,0,P2_MID,,False,99.23728362183756,58903.0,False
405,329.62,115.4,8,42,0,0,,,,,0,P2_MID,,False,115.51634249047524,36876.0,False
404,297.4,103.68,8,43,0,0,,,,,0,P2_MID,,False,121.58049221043125,28832.0,False
403,265.17,91.97,8,44,0,0,,,,,0,P2_MID,,False,94.09332776152668,33583.0,False
402,232.95,80.26,8,45,0,0,,,,,0,P2_MID,,False,127.32435096943804,23027.0,False
401,200.72,68.55,8,46,0,0,,,,,0,P2_MID,,False,109.04092003209416,21591.0,False
400,168.49,56.85,8,47,0,0,,,,,0,P2_MID,,False,110.04430124848972,16289.0,False
399,136.25,45.17,8,48,0,0,,,,,0,P2_MID,,False,96.13822894168466,14468.0,False
398,535.0,185.9,8,49,0,0,,,,,0,P2_MID,,False,119.16065573770491,24195.0,False
397,502.77,174.17,8,50,0,0,,,,,0,P2_MID,,False,113.1152869476892,32409.0,False
396,470.55,162.45,8,51,0,0,,,,,0,P2_MID,,False,116.38626781770728,42629.0,False
395,438.33,150.73,8,52,0,0,,,,,0,P2_MID,,False,134.65605306799335,55463.0,False
394,406.1,139.01,8,53,0,0,,,,,0,P2_MID,,False,118.24358974358977,52751.0,False
393,373.87,127.29,8,54,0,0,,,,,0,P2_MID,,False,112.41836141778036,41930.0,False
392,341.65,115.57,8,55,0,0,,,,,0,P2_MID,,False,106.8986573478021,45467.0,False
391,309.42,103.85,8,56,0,0,,,,,0,P2_MID,,False,110.83234161708086,30366.0,False
390,277.18,92.14,8,57,0,0,,,,,0,P2_MID,,False,106.1550268610898,30200.0,False
389,547.03,186.05,8,58,0,0,,,,,0,P2_MID,,False,99.3621052631579,29985.0,False
388,514.8,174.33,8,59,0,0,,,,,0,P2_MID,,False,110.3510169846928,24713.0,False
387,482.57,162.61,8,60,0,0,,,,,0,P2_MID,,False,104.77448237269166,34850.0,False
386,450.34,150.88,8,61,0,0,,,,,0,P2_MID,,False,128.01563610518835,52521.0,False
385,418.11,139.16,8,62,0,0,,,,,0,P2_MID,,False,117.9584962406015,55663.0,False
384,559.04,186.2,8,63,0,0,,,,,0,P2_MID,,False,94.72377532700692,13974.0,False
511,517.51,230.14,9,0,0,0,,,,,0,P2_MID,,False,129.59038901601832,33681.0,False
510,465.3,206.9,9,1,2019,1166,121.0,85.0,197.0,123.2,33,P2_MID,0.5775136206042595,False,121.97535494240556,106313.0,True
509,413.1,183.66,9,2,26786,16624,112.0,79.0,178.5,114.21052631578948,875,P2_MID,0.6206227133577242,True,156.60313075506446,161528.0,True
508,497.59,218.67,9,3,0,0,,,,,0,P2_MID,,False,141.1240560949299,26625.0,False
507,360.9,160.42,9,4,0,0,,,,,0,P2_MID,,False,128.82439435940702,64185.0,False
506,445.38,195.43,9,5,6251,3299,136.0,95.5,170.5,134.85714285714286,60,P2_MID,0.5277555591105423,True,159.29285205106603,128856.0,True
505,529.86,230.43,9,6,0,0,,,,,0,P2_MID,,False,154.4113980409617,23163.0,False
504,308.7,137.19,9,7,0,0,,,,,0,P2_MID,,False,133.37047353760445,23141.0,False
503,393.18,172.19,9,8,28166,12492,113.0,80.0,200.0,115.25,401,P2_MID,0.4435134559397856,True,142.7227572225038,113246.0,True
502,477.66,207.19,9,9,0,0,,,,,0,P2_MID,,False,164.771714066103,52064.0,False
501,256.49,113.95,9,10,0,0,,,,,0,P2_MID,,False,145.3957996768982,16204.0,False
500,340.97,148.96,9,11,0,0,,,,,0,P2_MID,,False,138.7058477813694,29452.0,False
499,425.45,183.96,9,12,12966,7836,134.0,90.0,247.5,138.66666666666666,188,P2_MID,0.6043498380379454,True,162.04821909825915,150515.0,True
498,509.92,218.95,9,13,0,0,,,,,0,P2_MID,,False,147.89469548133596,24617.0,False
497,288.77,125.73,9,14,0,0,,,,,0,P2_MID,,False,142.86369426751594,24416.0,False
496,373.24,160.72,9,15,0,0,,,,,0,P2_MID,,False,160.87614678899084,64904.0,False
495,457.71,195.72,9,16,1737,1240,124.0,93.0,173.0,123.2,37,P2_MID,0.713874496257916,False,149.09550956657557,119842.0,True
494,542.19,230.71,9,17,0,0,,,,,0,P2_MID,,False,148.24586913417053,14879.0,False
493,204.29,90.72,9,18,0,0,,,,,0,P2_MID,,False,145.8919298245614,14615.0,False
492,321.03,137.49,9,19,0,0,,,,,0,P2_MID,,False,,0.0,False
491,405.5,172.48,9,20,18045,15895,121.0,91.0,208.75,121.06666666666666,366,P2_MID,0.8808534220005542,True,158.34995632824524,216553.0,True
490,489.97,207.47,9,21,0,0,,,,,0,P2_MID,,False,142.79893899204245,62324.0,False
489,236.56,102.5,9,22,0,0,,,,,0,P2_MID,,False,129.72431444241315,37249.0,False
488,152.09,67.5,9,23,0,0,,,,,0,P2_MID,,False,,0.0,False
487,522.23,219.22,9,24,0,0,,,,,0,P2_MID,,False,152.47297112358012,56299.0,False
486,437.76,184.23,9,25,1388,8,84.0,84.0,84.0,88.0,1,P2_MID,0.005763688760806916,False,150.70388793015937,14879.0,True
485,353.29,149.25,9,26,0,0,,,,,0,P2_MID,,False,131.13015873015874,22390.0,False
484,268.82,114.26,9,27,0,0,,,,,0,P2_MID,,False,,0.0,False
483,184.35,79.27,9,28,0,0,,,,,0,P2_MID,,False,122.65841584158416,6715.0,False
482,470.01,195.98,9,29,0,0,,,,,0,P2_MID,,False,122.21631530705774,14303.0,False
481,385.54,161.0,9,30,1347,11,,,,,0,P2_MID,0.008166295471417966,False,110.10558272895936,10474.0,True
480,110.37,48.81,9,31,0,0,,,,,0,P2_MID,,False,126.13371675053918,4931.0,False
479,502.25,207.73,9,32,0,0,,,,,0,P2_MID,,False,118.96836069846232,26905.0,False
478,301.07,126.02,9,33,0,0,,,,,0,P2_MID,,False,121.12265193370166,2656.0,False
477,417.78,172.75,9,34,5291,85,144.0,111.0,269.0,148.0,13,P2_MID,0.016065016065016063,False,165.4193548387097,1973.0,True
476,534.5,219.47,9,35,0,0,,,,,0,P2_MID,,False,120.85605095541402,6039.0,False
475,216.6,91.04,9,36,0,0,,,,,0,P2_MID,,False,145.90476190476193,1710.0,False
474,333.32,137.76,9,37,0,0,,,,,0,P2_MID,,False,,0.0,False
473,450.03,184.49,9,38,0,0,,,,,0,P2_MID,,False,126.3803967327888,3081.0,False
472,248.85,102.79,9,39,0,0,,,,,0,P2_MID,,False,166.89664340312396,4952.0,False
471,365.56,149.51,9,40,0,0,,,,,0,P2_MID,,False,200.94117647058823,1402.0,False
470,482.26,196.23,9,41,0,0,,,,,0,P2_MID,,False,175.2,1224.0,False
469,132.14,56.07,9,42,0,0,,,,,0,P2_MID,,False,136.88888888888889,1526.0,False
468,514.5,207.97,9,43,0,0,,,,,0,P2_MID,,False,152.47058823529414,1508.0,False
467,397.79,161.25,9,44,6024,43,133.0,88.0,325.0,136.0,13,P2_MID,0.007138114209827357,False,142.51162790697674,1400.0,True
466,281.08,114.54,9,45,0,0,,,,,0,P2_MID,,False,126.87407407407407,1757.0,False
465,546.73,219.71,9,46,0,0,,,,,0,P2_MID,,False,110.05747906766236,7767.0,False
464,430.03,172.99,9,47,0,0,,,,,0,P2_MID,,False,235.2820512820513,949.0,False
463,164.38,67.83,9,48,0,0,,,,,0,P2_MID,,False,144.44444444444446,1714.0,False
462,313.32,126.28,9,49,0,0,,,,,0,P2_MID,,False,148.69354439772445,6976.0,False
461,462.26,184.73,9,50,0,0,,,,,0,P2_MID,,False,110.67725361980384,3928.0,False
460,345.55,138.02,9,51,0,0,,,,,0,P2_MID,,False,194.18685121107268,1533.0,False
459,494.49,196.47,9,52,0,0,,,,,0,P2_MID,,False,160.82334869431642,3465.0,False
458,196.61,79.57,9,53,0,0,,,,,0,P2_MID,,False,202.3111111111111,1176.0,False
457,526.72,208.2,9,54,0,0,,,,,0,P2_MID,,False,160.55384615384617,2016.0,False
456,377.78,149.75,9,55,0,0,,,,,0,P2_MID,,False,127.45945945945944,3647.0,False
455,228.84,91.31,9,56,0,0,,,,,0,P2_MID,,False,133.62777916562578,6540.0,False
454,410.0,161.49,9,57,2,0,,,,,0,P2_MID,0.0,False,379.4285714285714,598.0,False
453,261.06,103.05,9,58,0,0,,,,,0,P2_MID,,False,221.4193548387097,918.0,False
452,442.23,173.22,9,59,0,0,,,,,0,P2_MID,,False,188.00000000000003,963.0,False
451,293.29,114.78,9,60,0,0,,,,,0,P2_MID,,False,439.4074074074074,427.0,False
450,474.46,184.96,9,61,0,0,,,,,0,P2_MID,,False,111.5261958997722,2636.0,False
449,325.51,126.52,9,62,0,0,,,,,0,P2_MID,,False,107.08830548926014,3381.0,False
448,506.68,196.69,9,63,0,0,,,,,0,P2_MID,,False,157.71428571428572,1140.0,False
575,310.97,158.95,10,0,0,0,,,,,0,P2_MID,,False,80.62665222101842,57609.0,False
574,402.88,205.11,10,1,26970,22964,114.0,87.0,160.0,115.66349206349207,22964,P2_MID,0.8514645902855024,True,115.60043608612702,268080.0,True
573,494.8,251.27,10,2,0,0,,,,,0,P2_MID,,False,95.65647607934656,127206.0,False
572,291.14,147.51,10,3,0,0,,,,,0,P2_MID,,False,95.79994660496574,50619.0,False
571,383.06,193.67,10,4,31217,24721,97.0,76.0,133.0,99.06711409395973,24721,P2_MID,0.7919082551174039,True,97.81782496208405,238503.0,True
570,474.97,239.84,10,5,0,0,,,,,0,P2_MID,,False,115.9262027833002,219449.0,False
569,199.23,101.36,10,6,0,0,,,,,0,P2_MID,,False,71.20795503674881,28766.0,False
568,271.31,136.08,10,7,0,0,,,,,0,P2_MID,,False,94.832371424907,40406.0,False
567,363.22,182.24,10,8,0,0,,,,,0,P2_MID,,False,99.11840186643336,188111.0,False
566,455.14,228.4,10,9,2849,1004,78.0,70.0,97.0,78.90748898678414,1004,P2_MID,0.3524043524043524,True,112.71076214047964,230120.0,True
565,179.39,89.93,10,10,0,0,,,,,0,P2_MID,,False,85.04343698077379,29636.0,False
564,435.3,216.96,10,11,23734,21610,121.0,87.0,178.0,122.86401480111007,21610,P2_MID,0.9105081317940508,True,125.57115160915085,312520.0,True
563,527.22,263.12,10,12,0,0,,,,,0,P2_MID,,False,100.48281850886988,44541.0,False
562,343.39,170.8,10,13,0,0,,,,,0,P2_MID,,False,82.00584920465083,168584.0,False
561,251.47,124.65,10,14,0,0,,,,,0,P2_MID,,False,61.50350786792976,72107.0,False
560,507.38,251.68,10,15,0,0,,,,,0,P2_MID,,False,93.69549641760491,92561.0,False
559,415.46,205.52,10,16,24317,22338,129.0,95.0,188.0,131.45989847715737,22338,P2_MID,0.9186166056668175,True,132.97987236131567,307700.0,True
558,159.55,78.51,10,17,0,0,,,,,0,P2_MID,,False,87.62171162171163,23533.0,False
557,323.54,159.36,10,18,0,0,,,,,0,P2_MID,,False,86.27465486491842,86340.0,False
556,487.54,240.23,10,19,0,0,,,,,0,P2_MID,,False,107.30684864733122,173636.0,False
555,231.62,113.22,10,20,0,0,,,,,0,P2_MID,,False,64.15379883112888,46807.0,False
554,395.62,194.08,10,21,44235,39621,122.0,91.0,172.0,122.66378751889441,39621,P2_MID,0.8956934554086131,True,123.06418515867334,293890.0,True
553,303.7,147.93,10,22,0,0,,,,,0,P2_MID,,False,,0.0,False
552,467.7,228.79,10,23,0,0,,,,,0,P2_MID,,False,141.98109045067758,231766.0,False
551,139.69,67.1,10,24,0,0,,,,,0,P2_MID,,False,69.61645636797124,355030.0,False
550,375.77,182.64,10,25,9828,8547,105.0,77.0,148.0,106.02734731084776,8547,P2_MID,0.8696581196581197,True,97.63854458216711,245111.0,True
549,211.76,101.79,10,26,0,0,,,,,0,P2_MID,,False,105.23356009070294,20174.0,False
548,447.85,217.35,10,27,25750,13018,75.0,64.0,96.0,77.32268703350113,13018,P2_MID,0.5055533980582524,True,77.03518944702297,178267.0,True
547,519.93,252.06,10,28,0,0,,,,,0,P2_MID,,False,119.3153364632238,75839.0,False
546,283.84,136.49,10,29,0,0,,,,,0,P2_MID,,False,91.94683071514883,52776.0,False
545,355.92,171.19,10,30,0,0,,,,,0,P2_MID,,False,98.49682332978178,172857.0,False
544,427.99,205.9,10,31,12681,10989,150.0,110.0,218.0,152.43555555555557,10989,P2_MID,0.8665720369056068,True,153.3954670273372,299855.0,True
543,500.07,240.61,10,32,0,0,,,,,0,P2_MID,,False,104.87411444141688,100534.0,False
542,191.89,90.36,10,33,0,0,,,,,0,P2_MID,,False,105.16510454217736,19468.0,False
541,263.97,125.05,10,34,0,0,,,,,0,P2_MID,,False,90.1710507402616,48305.0,False
540,408.13,194.45,10,35,36932,33057,144.0,108.0,207.0,147.0504619758351,32385,P2_MID,0.8950774396187589,True,147.8785826171627,280674.0,True
539,480.21,229.16,10,36,0,0,,,,,0,P2_MID,,False,123.1971319026042,183111.0,False
538,336.05,159.75,10,37,0,0,,,,,0,P2_MID,,False,89.51735099337748,108338.0,False
537,119.81,55.69,10,38,0,0,,,,,0,P2_MID,,False,84.64333333333333,17251.0,False
536,388.27,183.0,10,39,41113,34397,106.0,80.0,150.0,107.93686486486486,33647,P2_MID,0.8366453433220635,True,108.01362841821468,250099.0,True
535,460.35,217.71,10,40,3281,2367,80.0,69.0,103.0,82.46153846153847,2340,P2_MID,0.7214263943919537,True,77.81532746507308,374712.0,True
534,532.43,252.42,10,41,0,0,,,,,0,P2_MID,,False,89.70611519508846,52437.0,False
533,316.18,148.3,10,42,0,0,,,,,0,P2_MID,,False,87.04830362277171,78985.0,False
532,244.1,113.61,10,43,0,0,,,,,0,P2_MID,,False,88.98688,36987.0,False
531,172.0,78.92,10,44,0,0,,,,,0,P2_MID,,False,121.26700507614213,17212.0,False
530,512.56,240.96,10,45,0,0,,,,,0,P2_MID,,False,95.82058618822984,72950.0,False
529,440.48,206.26,10,46,15384,12734,110.0,81.0,156.0,110.60684769775679,12395,P2_MID,0.827743109724389,True,111.42748200210568,270219.0,True
528,368.39,171.55,10,47,0,0,,,,,0,P2_MID,,False,103.184988930425,177634.0,False
527,296.3,136.85,10,48,0,0,,,,,0,P2_MID,,False,95.10244729314546,46199.0,False
526,492.68,229.51,10,49,0,0,,,,,0,P2_MID,,False,107.35988700564972,101065.0,False
525,224.2,102.16,10,50,0,0,,,,,0,P2_MID,,False,103.25641782236649,21416.0,False
524,420.6,194.8,10,51,23044,20318,141.0,104.0,199.0,141.39855475264036,19057,P2_MID,0.8817045651796563,True,140.01831444979047,277571.0,True
523,348.5,160.1,10,52,0,0,,,,,0,P2_MID,,False,77.57637825953859,149692.0,False
522,276.41,125.4,10,53,0,0,,,,,0,P2_MID,,False,85.15559224102353,61618.0,False
521,472.8,218.05,10,54,0,0,,,,,0,P2_MID,,False,86.00577293136627,192170.0,False
520,400.71,183.35,10,55,33920,30399,100.0,71.0,145.0,101.53394495412844,28006,P2_MID,0.8961969339622642,True,100.528962667227,258001.0,True
519,328.61,148.65,10,56,0,0,,,,,0,P2_MID,,False,98.16414230362804,77386.0,False
518,525.01,241.3,10,57,0,0,,,,,0,P2_MID,,False,97.09933157158402,48582.0,False
517,452.91,206.59,10,58,14684,972,91.0,72.0,134.25,92.66666666666667,376,P2_MID,0.06619449741214928,True,67.49090909090908,544.0,True
516,380.81,171.89,10,59,5453,341,99.0,72.0,140.0,104.61538461538461,138,P2_MID,0.06253438474234366,True,71.84,51.0,True
515,433.01,195.13,10,60,7823,362,117.0,90.0,167.0,119.0,163,P2_MID,0.04627380800204525,True,152.0,205.0,True
514,505.11,229.83,10,61,0,0,,,,,0,P2_MID,,False,95.649164520177,71962.0,False
513,485.21,218.37,10,62,0,0,,,,,0,P2_MID,,False,59.0096463022508,520.0,False
512,537.42,241.61,10,63,0,0,,,,,0,P2_MID,,False,74.42848342983861,33859.0,False
639,510.32,294.56,11,0,0,0,,,,,0,P2_MID,,False,77.41926660398325,30536.0,False
638,470.73,271.7,11,1,0,0,,,,,0,P2_MID,,False,123.14831130690162,73665.0,False
637,450.94,260.27,11,2,0,0,,,,,0,P2_MID,,False,137.09521126760563,110632.0,False
636,431.14,248.85,11,3,11267,10263,130.0,93.0,196.0,132.8581818181818,10245,P2_MID,0.9108902103488062,True,129.10978342046303,208395.0,True
635,411.35,237.42,11,4,12354,4913,88.0,64.0,125.0,89.46494992846924,4913,P2_MID,0.39768496033673306,True,84.64126203646794,137385.0,True
634,503.37,283.68,11,5,0,0,,,,,0,P2_MID,,False,112.73001255755548,63362.0,False
633,351.96,203.13,11,6,0,0,,,,,0,P2_MID,,False,92.88345493985408,104458.0,False
632,483.57,272.25,11,7,0,0,,,,,0,P2_MID,,False,125.30194658216388,79974.0,False
631,312.38,180.28,11,8,0,0,,,,,0,P2_MID,,False,85.2223158604416,34685.0,False
630,463.78,260.82,11,9,0,0,,,,,0,P2_MID,,False,140.04227995653463,109926.0,False
629,443.98,249.39,11,10,336,318,159.0,107.0,235.0,159.55555555555557,237,P2_MID,0.9464285714285714,False,70.30065085945708,4327651.0,False
628,272.79,157.42,11,11,0,0,,,,,0,P2_MID,,False,87.20557491289199,4475.0,False
627,424.18,237.97,11,12,19341,17509,142.0,102.0,203.0,142.93568726355613,17509,P2_MID,0.90527894110956,True,141.62592268234707,275984.0,True
626,252.99,145.99,11,13,0,0,,,,,0,P2_MID,,False,62.76580796252927,6305.0,False
625,404.39,226.54,11,14,14206,12608,137.0,100.0,194.0,138.74285714285713,12608,P2_MID,0.8875123187385612,True,134.5177664974619,301049.0,True
624,384.59,215.11,11,15,18475,1244,128.0,102.0,182.0,130.304,1244,P2_MID,0.0673342354533153,True,76.52785224903187,5345.0,True
623,213.41,123.14,11,16,0,0,,,,,0,P2_MID,,False,129.43549951503394,555443.0,False
622,364.79,203.69,11,17,5836,141,103.0,84.0,157.0,105.52380952380952,141,P2_MID,0.024160383824537356,True,72.37962037962038,8430.0,True
621,516.16,284.19,11,18,0,0,,,,,0,P2_MID,,False,97.75909902485922,47545.0,False
620,344.99,192.26,11,19,0,0,,,,,0,P2_MID,,False,71.94415565126987,10068.0,False
619,496.36,272.76,11,20,0,0,,,,,0,P2_MID,,False,126.43889211698624,75351.0,False
618,325.2,180.83,11,21,0,0,,,,,0,P2_MID,,False,76.73513513513514,4135.0,False
617,476.56,261.34,11,22,0,0,,,,,0,P2_MID,,False,136.51322299948814,122420.0,False
616,173.82,100.28,11,23,0,0,,,,,0,P2_MID,,False,95.67822468793342,2825.0,False
615,456.76,249.91,11,24,1,0,,,,,0,P2_MID,0.0,False,158.45410628019323,221434.0,False
614,305.4,169.4,11,25,0,0,,,,,0,P2_MID,,False,75.92865636147444,7716.0,False
613,436.96,238.48,11,26,17969,15232,137.0,102.0,201.0,138.61807988787666,15152,P2_MID,0.847682119205298,True,140.28056468081328,251145.0,True
612,285.6,157.98,11,27,0,0,,,,,0,P2_MID,,False,82.53658536585365,3649.0,False
611,417.16,227.05,11,28,12612,11174,144.0,106.0,208.0,146.16977225672878,11174,P2_MID,0.8859816048208056,True,147.50559933637496,283497.0,True
610,265.8,146.55,11,29,0,0,,,,,0,P2_MID,,False,76.43960826985854,4925.0,False
609,397.36,215.62,11,30,21364,18119,125.0,94.0,174.0,125.94220748460445,18119,P2_MID,0.8481089683579854,True,124.43914399007174,290579.0,True
608,246.0,135.13,11,31,0,0,,,,,0,P2_MID,,False,63.16824471959214,10413.0,False
607,377.55,204.2,11,32,19811,14102,112.0,89.0,152.0,113.35710426796327,14102,P2_MID,0.7118267629094948,True,114.28870171362183,215106.0,True
606,226.2,123.7,11,33,0,0,,,,,0,P2_MID,,False,55.50470784305385,522548.0,False
605,509.11,273.25,11,34,0,0,,,,,0,P2_MID,,False,107.68243551180385,85935.0,False
604,357.75,192.77,11,35,0,0,,,,,0,P2_MID,,False,101.125955573344,176387.0,False
603,489.3,261.82,11,36,0,0,,,,,0,P2_MID,,False,123.97557915865184,102553.0,False
602,337.94,181.34,11,37,0,0,,,,,0,P2_MID,,False,107.78924731182796,115917.0,False
601,469.49,250.39,11,38,0,0,,,,,0,P2_MID,,False,90.75027193038582,311908.0,False
600,206.39,112.28,11,39,0,0,,,,,0,P2_MID,,False,99.83895034731157,154139.0,False
599,449.68,238.96,11,40,549,483,122.0,83.5,187.0,124.57142857142857,483,P2_MID,0.8797814207650273,True,135.0601467422345,287165.0,True
598,318.13,169.91,11,41,0,0,,,,,0,P2_MID,,False,105.86267071320182,68495.0,False
597,186.59,100.86,11,42,0,0,,,,,0,P2_MID,,False,105.7850419883898,415982.0,False
596,429.87,227.53,11,43,12935,11611,147.0,103.0,224.0,148.85046728971963,11611,P2_MID,0.8976420564360262,True,155.7837596535869,299370.0,True
595,298.32,158.49,11,44,0,0,,,,,0,P2_MID,,False,123.84811975173422,37445.0,False
594,166.78,89.44,11,45,0,0,,,,,0,P2_MID,,False,125.26912181303116,17911.0,False
593,410.06,216.1,11,46,10431,9053,125.0,93.0,181.0,126.47138700290981,9053,P2_MID,0.8678937781612501,True,128.4250009808922,284782.0,True
592,521.8,273.71,11,47,0,0,,,,,0,P2_MID,,False,83.90823699421965,68171.0,False
591,278.51,147.06,11,48,0,0,,,,,0,P2_MID,,False,71.54285714285714,438.0,False
590,390.25,204.67,11,49,18618,14834,112.0,85.0,160.0,113.82775119617224,14834,P2_MID,0.7967558276936298,True,113.00551237716984,262549.0,True
589,501.98,262.28,11,50,0,0,,,,,0,P2_MID,,False,109.81724347298118,87375.0,False
588,370.43,193.24,11,51,4941,4378,114.0,86.0,158.0,115.04477611940298,4378,P2_MID,0.8860554543614653,True,107.33417791242084,248925.0,True
587,482.17,250.84,11,52,0,0,,,,,0,P2_MID,,False,104.11769260549748,204085.0,False
586,258.7,135.63,11,53,0,0,,,,,0,P2_MID,,False,77.5298468040148,47987.0,False
585,146.97,78.02,11,54,0,0,,,,,0,P2_MID,,False,111.59108210984228,17696.0,False
584,462.35,239.41,11,55,0,0,,,,,0,P2_MID,,False,121.76998939137953,262650.0,False
583,350.61,181.81,11,56,0,0,,,,,0,P2_MID,,False,91.39807228915664,178014.0,False
582,238.88,124.21,11,57,0,0,,,,,0,P2_MID,,False,88.93235294117648,33386.0,False
581,442.53,227.98,11,58,19705,6832,75.0,64.0,99.0,77.43193823648923,6832,P2_MID,0.3467140319715808,True,77.05034270857954,134182.0,True
580,127.15,66.61,11,59,0,0,,,,,0,P2_MID,,False,112.24806201550388,13530.0,False
579,330.79,170.38,11,60,0,0,,,,,0,P2_MID,,False,79.69461118230255,113024.0,False
578,422.71,216.54,11,61,9983,9285,125.0,90.0,180.0,125.35571878279119,9285,P2_MID,0.9300811379344887,True,123.08388101541816,313947.0,True
577,219.06,112.78,11,62,0,0,,,,,0,P2_MID,,False,91.41169789892106,18536.0,False
576,514.62,262.71,11,63,0,0,,,,,0,P2_MID,,False,84.74485954242687,85990.0,False
703,398.96,257.7,12,0,2325,1907,129.0,98.0,183.0,130.86631016042782,1907,P2_MID,0.8202150537634408,True,130.08376234868513,75896.0,True
702,187.46,121.75,12,1,0,0,,,,,0,P2_MID,,False,,0.0,False
701,313.02,201.18,12,2,0,0,,,,,0,P2_MID,,False,118.25366876310272,33647.0,False
700,418.77,269.15,12,3,1924,90,159.0,112.0,236.75,160.0,90,P2_MID,0.04677754677754678,True,,0.0,True
699,207.27,133.21,12,4,0,0,,,,,0,P2_MID,,False,135.8865671641791,15837.0,False
698,438.58,280.59,12,5,0,0,,,,,0,P2_MID,,False,186.99018733273863,58636.0,False
697,332.83,212.63,12,6,0,0,,,,,0,P2_MID,,False,,0.0,False
696,227.07,144.66,12,7,0,0,,,,,0,P2_MID,,False,127.73042616451932,17750.0,False
695,458.39,292.04,12,8,0,0,,,,,0,P2_MID,,False,165.3856209150327,57883.0,False
694,352.63,224.08,12,9,1218,627,118.0,98.5,155.5,119.58260869565217,627,P2_MID,0.5147783251231527,True,127.9808788380217,41427.0,True
693,246.88,156.11,12,10,0,0,,,,,0,P2_MID,,False,,0.0,False
692,478.2,303.48,12,11,0,0,,,,,0,P2_MID,,False,160.04704425874343,40691.0,False
691,372.44,235.52,12,12,5201,342,113.0,92.25,153.75,115.33333333333333,342,P2_MID,0.06575658527206306,True,,0.0,True
690,498.01,314.93,12,13,0,0,,,,,0,P2_MID,,False,109.1676745464541,24950.0,False
689,121.33,76.7,12,14,0,0,,,,,0,P2_MID,,False,,0.0,False
688,392.25,246.96,12,15,4353,3622,128.0,100.0,176.0,131.27272727272728,3622,P2_MID,0.832069836894096,True,131.97226074895977,103492.0,True
687,266.68,167.56,12,16,0,0,,,,,0,P2_MID,,False,144.75780409041982,23506.0,False
686,141.12,88.16,12,17,0,0,,,,,0,P2_MID,,False,148.93660185967877,16204.0,False
685,412.05,258.41,12,18,4549,223,146.0,108.0,232.5,148.1904761904762,223,P2_MID,0.049021763024840626,True,,0.0,True
684,286.48,179.0,12,19,0,0,,,,,0,P2_MID,,False,141.11181373958033,29188.0,False
683,431.85,269.85,12,20,99,62,160.5,133.0,226.0,163.2,62,P2_MID,0.6262626262626263,False,205.08735756918068,63754.0,False
682,160.91,99.61,12,21,0,0,,,,,0,P2_MID,,False,144.83216783216784,14541.0,False
681,306.28,190.45,12,22,0,0,,,,,0,P2_MID,,False,,0.0,False
680,451.66,281.29,12,23,0,0,,,,,0,P2_MID,,False,189.31518833535844,62417.0,False
679,471.46,292.73,12,24,0,0,,,,,0,P2_MID,,False,,0.0,False
678,326.08,201.89,12,25,0,0,,,,,0,P2_MID,,False,143.76017897091722,39494.0,False
677,491.26,304.16,12,26,0,0,,,,,0,P2_MID,,False,,0.0,False
676,180.71,111.05,12,27,0,0,,,,,0,P2_MID,,False,,0.0,False
675,345.88,213.32,12,28,0,0,,,,,0,P2_MID,,False,120.68825065274152,55891.0,False
674,200.5,122.49,12,29,0,0,,,,,0,P2_MID,,False,121.50827423167848,14427.0,False
673,365.68,224.76,12,30,5631,3016,128.0,110.0,172.0,131.66037735849056,3016,P2_MID,0.5356064642159475,True,138.6595522561188,65925.0,True
672,220.29,133.93,12,31,0,0,,,,,0,P2_MID,,False,126.63340700978844,20431.0,False
671,385.48,236.2,12,32,8812,932,117.5,93.0,165.25,120.71544715447155,932,P2_MID,0.10576486609169315,True,,0.0,True
670,405.28,247.63,12,33,5371,4109,149.0,113.0,208.0,150.98783454987836,4109,P2_MID,0.7650344442375722,True,152.5920148560817,114859.0,True
669,240.09,145.37,12,34,0,0,,,,,0,P2_MID,,False,147.61501706484643,21070.0,False
668,425.08,259.07,12,35,4372,3532,187.0,131.75,276.25,188.40816326530611,3532,P2_MID,0.807868252516011,True,188.37444482405195,92181.0,True
667,259.88,156.8,12,36,0,0,,,,,0,P2_MID,,False,,0.0,False
666,444.87,270.5,12,37,0,0,,,,,0,P2_MID,,False,190.27102570501623,78116.0,False
665,279.68,168.24,12,38,0,0,,,,,0,P2_MID,,False,,0.0,False
664,464.67,281.94,12,39,0,0,,,,,0,P2_MID,,False,180.394867766431,59602.0,False
663,484.47,293.37,12,40,0,0,,,,,0,P2_MID,,False,,0.0,False
662,299.47,179.67,12,41,0,0,,,,,0,P2_MID,,False,139.38953059719833,34053.0,False
661,504.27,304.81,12,42,0,0,,,,,0,P2_MID,,False,,0.0,False
660,104.54,60.29,12,43,0,0,,,,,0,P2_MID,,False,136.0,3367.0,False
659,319.27,191.1,12,44,0,0,,,,,0,P2_MID,,False,139.0080263428689,40234.0,False
658,114.45,66.0,12,45,0,0,,,,,0,P2_MID,,False,159.8585635359116,9174.0,False
657,339.06,202.53,12,46,0,0,,,,,0,P2_MID,,False,,0.0,False
656,358.86,213.97,12,47,1990,118,120.5,103.25,158.75,122.48275862068965,118,P2_MID,0.0592964824120603,True,,0.0,True
655,134.24,77.43,12,48,0,0,,,,,0,P2_MID,,False,,0.0,False
654,378.65,225.4,12,49,8407,4688,137.0,112.0,183.0,139.2173913043478,4688,P2_MID,0.5576305459735934,True,141.90727350063804,121520.0,True
653,398.45,236.83,12,50,7764,6080,144.0,113.0,195.0,145.44463373083474,6080,P2_MID,0.783101494075219,True,145.846995835812,180919.0,True
652,418.24,248.26,12,51,8751,494,151.5,101.25,231.0,153.6,494,P2_MID,0.05645069134956005,True,,0.0,True
651,154.03,88.86,12,52,0,0,,,,,0,P2_MID,,False,138.42795830778664,18568.0,False
650,438.04,259.69,12,53,95,88,151.0,112.0,228.0,152.0,88,P2_MID,0.9263157894736842,False,193.3715784297656,103634.0,False
649,457.83,271.12,12,54,0,0,,,,,0,P2_MID,,False,178.80081799591002,72952.0,False
648,477.63,282.55,12,55,0,0,,,,,0,P2_MID,,False,162.04891628554384,64766.0,False
647,497.42,293.98,12,56,0,0,,,,,0,P2_MID,,False,,0.0,False
646,193.61,111.71,12,57,0,0,,,,,0,P2_MID,,False,,0.0,False
645,233.2,134.56,12,58,0,0,,,,,0,P2_MID,,False,104.13350080746456,32710.0,False
644,292.58,168.85,12,59,0,0,,,,,0,P2_MID,,False,,0.0,False
643,332.17,191.7,12,60,0,0,,,,,0,P2_MID,,False,,0.0,False
642,371.76,214.56,12,61,13757,491,136.0,110.0,191.0,136.625,491,P2_MID,0.03569092098568002,True,,0.0,True
641,391.55,225.99,12,62,17691,1074,142.5,109.0,206.75,143.55140186915887,1074,P2_MID,0.06070883500084789,True,,0.0,True
640,490.53,283.13,12,63,0,0,,,,,0,P2_MID,,False,,0.0,False
767,478.02,344.51,13,0,0,0,,,,,0,P2_MID,,False,82.1010101010101,442.0,False
766,431.79,310.92,13,1,0,0,,,,,0,P2_MID,,False,130.44204851752022,54973.0,False
765,451.67,322.42,13,2,0,0,,,,,0,P2_MID,,False,92.19555555555556,489.0,False
764,385.57,277.33,13,3,0,0,,,,,0,P2_MID,,False,130.6949293433084,58215.0,False
763,471.54,333.92,13,4,0,0,,,,,0,P2_MID,,False,89.48905109489051,705.0,False
762,405.44,288.83,13,5,0,0,,,,,0,P2_MID,,False,171.48246674727932,55612.0,False
761,339.34,243.74,13,6,0,0,,,,,0,P2_MID,,False,117.5343744390594,43116.0,False
760,425.31,300.33,13,7,0,0,,,,,0,P2_MID,,False,160.64512231954092,54015.0,False
759,359.21,255.25,13,8,0,0,,,,,0,P2_MID,,False,119.22336227308602,44208.0,False
758,293.11,210.16,13,9,0,0,,,,,0,P2_MID,,False,109.04111474281784,35710.0,False
757,379.08,266.74,13,10,0,0,,,,,0,P2_MID,,False,137.2249443207127,56113.0,False
756,445.17,311.82,13,11,0,0,,,,,0,P2_MID,,False,109.32920079698916,54658.0,False
755,312.98,221.66,13,12,0,0,,,,,0,P2_MID,,False,104.88504753673293,37915.0,False
754,246.88,176.57,13,13,0,0,,,,,0,P2_MID,,False,115.62460765850597,47527.0,False
753,398.93,278.23,13,14,0,0,,,,,0,P2_MID,,False,172.1333688983729,55606.0,False
752,465.03,323.3,13,15,0,0,,,,,0,P2_MID,,False,156.3148088660456,34696.0,False
751,332.84,233.15,13,16,0,0,,,,,0,P2_MID,,False,120.75808403942592,40815.0,False
750,266.74,188.07,13,17,0,0,,,,,0,P2_MID,,False,120.03002309468822,30201.0,False
749,200.65,142.98,13,18,0,0,,,,,0,P2_MID,,False,108.18254420992584,20405.0,False
748,484.88,334.78,13,19,0,0,,,,,0,P2_MID,,False,124.53492333901193,16071.0,False
747,418.79,289.71,13,20,0,0,,,,,0,P2_MID,,False,211.09868995633187,52077.0,False
746,352.69,244.64,13,21,0,0,,,,,0,P2_MID,,False,127.7017766497462,45683.0,False
745,286.6,199.57,13,22,0,0,,,,,0,P2_MID,,False,130.49180327868854,29771.0,False
744,220.51,154.49,13,23,0,0,,,,,0,P2_MID,,False,111.47925973197192,21210.0,False
743,438.64,301.19,13,24,0,0,,,,,0,P2_MID,,False,160.31666666666666,52873.0,False
742,154.43,109.39,13,25,0,0,,,,,0,P2_MID,,False,112.98307210031348,19684.0,False
741,372.54,256.12,13,26,0,0,,,,,0,P2_MID,,False,129.37926551836205,65217.0,False
740,306.45,211.05,13,27,0,0,,,,,0,P2_MID,,False,129.60338445267055,37630.0,False
739,458.48,312.66,13,28,0,0,,,,,0,P2_MID,,False,156.88536714210247,43642.0,False
738,240.35,165.98,13,29,0,0,,,,,0,P2_MID,,False,147.7345003646973,17940.0,False
737,392.38,267.6,13,30,0,0,,,,,0,P2_MID,,False,152.49579667644184,60574.0,False
736,326.29,222.53,13,31,0,0,,,,,0,P2_MID,,False,116.34505738615329,44260.0,False
735,478.32,324.13,13,32,0,0,,,,,0,P2_MID,,False,128.1760765550239,35427.0,False
734,174.27,120.9,13,33,0,0,,,,,0,P2_MID,,False,148.45833333333334,15911.0,False
733,412.22,279.07,13,34,0,0,,,,,0,P2_MID,,False,212.65286065286065,57229.0,False
732,260.19,177.46,13,35,0,0,,,,,0,P2_MID,,False,139.53401360544217,24101.0,False
731,108.2,75.81,13,36,0,0,,,,,0,P2_MID,,False,132.9223638470452,9937.0,False
730,346.13,234.0,13,37,275,142,105.5,89.25,128.75,107.15151515151516,142,P2_MID,0.5163636363636364,False,117.26492851135409,38314.0,False
729,432.06,290.54,13,38,0,0,,,,,0,P2_MID,,False,207.8779709116708,54803.0,False
728,194.1,132.39,13,39,0,0,,,,,0,P2_MID,,False,138.6165211551377,16176.0,False
727,280.03,188.94,13,40,0,0,,,,,0,P2_MID,,False,136.18062636562271,28336.0,False
726,365.96,245.47,13,41,1386,950,113.0,94.0,155.0,116.83720930232559,950,P2_MID,0.6854256854256854,True,120.4342663273961,58662.0,True
725,451.89,302.0,13,42,0,0,,,,,0,P2_MID,,False,147.07362784471218,48597.0,False
724,299.86,200.41,13,43,0,0,,,,,0,P2_MID,,False,119.82259326897992,34420.0,False
723,385.79,256.94,13,44,1189,943,134.0,104.5,186.0,136.512,943,P2_MID,0.7931034482758621,True,139.88925081433226,72416.0,True
722,471.72,313.46,13,45,0,0,,,,,0,P2_MID,,False,144.8192922016912,38055.0,False
721,213.93,143.87,13,46,0,0,,,,,0,P2_MID,,False,131.19621749408984,14983.0,False
720,128.02,87.32,13,47,0,0,,,,,0,P2_MID,,False,168.3956043956044,14127.0,False
719,491.55,324.92,13,48,0,0,,,,,0,P2_MID,,False,122.56367816091954,16412.0,False
718,405.61,268.4,13,49,1228,1033,161.0,120.0,228.0,164.6315789473684,1033,P2_MID,0.8412052117263844,True,171.611757242546,62630.0,True
717,319.68,211.87,13,50,0,0,,,,,0,P2_MID,,False,135.9671820763648,32550.0,False
716,233.76,155.35,13,51,0,0,,,,,0,P2_MID,,False,120.54887218045111,22242.0,False
715,425.44,279.86,13,52,22,19,161.0,139.0,219.0,164.0,19,P2_MID,0.8636363636363636,False,217.35786802030452,57793.0,False
714,147.84,98.81,13,53,0,0,,,,,0,P2_MID,,False,154.24248302618818,11944.0,False
713,339.5,223.33,13,54,0,0,,,,,0,P2_MID,,False,109.47864077669902,47761.0,False
712,445.26,291.31,13,55,0,0,,,,,0,P2_MID,,False,160.29477292202228,56953.0,False
711,253.57,166.81,13,56,0,0,,,,,0,P2_MID,,False,110.98855469789726,26765.0,False
710,359.32,234.79,13,57,2854,1746,102.0,85.0,132.0,103.90184049079755,1746,P2_MID,0.6117729502452698,True,107.96167286664412,54278.0,True
709,465.08,302.76,13,58,0,0,,,,,0,P2_MID,,False,126.5411503606436,49992.0,False
708,273.39,178.27,13,59,0,0,,,,,0,P2_MID,,False,98.71561643835616,30129.0,False
707,379.14,246.25,13,60,4096,3090,107.0,85.0,146.0,108.63320463320463,3090,P2_MID,0.75439453125,True,109.92633485724144,76343.0,True
706,484.89,314.22,13,61,0,0,,,,,0,P2_MID,,False,117.528880866426,35461.0,False
705,167.65,110.29,13,62,0,0,,,,,0,P2_MID,,False,93.44329896907216,680.0,False
704,293.2,189.73,13,63,0,0,,,,,0,P2_MID,,False,107.96658813450418,31934.0,False
447,144.35,56.38,14,0,0,0,,,,,0,P2_OUT,,False,80.35840855901036,35992.0,False
446,538.9,208.42,14,1,0,0,,,,,0,P2_OUT,,False,122.613322975335,52193.0,False
445,357.74,138.25,14,2,0,0,,,,,0,P2_OUT,,False,122.45912174223491,97234.0,False
444,176.57,68.11,14,3,0,0,,,,,0,P2_OUT,,False,191.8173515981735,25805.0,False
443,389.96,149.98,14,4,0,0,,,,,0,P2_OUT,,False,121.35820327369623,115833.0,False
442,422.18,161.71,14,5,0,0,,,,,0,P2_OUT,,False,168.88804861580013,125955.0,False
441,208.79,79.83,14,6,0,0,,,,,0,P2_OUT,,False,106.06066536203524,47275.0,False
440,454.4,173.44,14,7,0,0,,,,,0,P2_OUT,,False,159.7156830779263,101286.0,False
439,486.62,185.17,14,8,0,0,,,,,0,P2_OUT,,False,144.40319844923673,59500.0,False
438,241.01,91.56,14,9,0,0,,,,,0,P2_OUT,,False,109.59830591301515,47979.0,False
437,518.84,196.9,14,10,0,0,,,,,0,P2_OUT,,False,101.74592645998558,95563.0,False
436,551.06,208.62,14,11,0,0,,,,,0,P2_OUT,,False,97.9353226925746,79901.0,False
435,273.23,103.28,14,12,0,0,,,,,0,P2_OUT,,False,99.67294350842418,73520.0,False
434,305.44,115.01,14,13,0,0,,,,,0,P2_OUT,,False,104.6521067725568,75381.0,False
433,337.66,126.74,14,14,0,0,,,,,0,P2_OUT,,False,119.25043782837128,91732.0,False
432,369.88,138.46,14,15,0,0,,,,,0,P2_OUT,,False,107.36059788249948,88191.0,False
431,402.1,150.19,14,16,0,0,,,,,0,P2_OUT,,False,147.8295557570263,84790.0,False
430,434.32,161.91,14,17,0,0,,,,,0,P2_OUT,,False,170.16150943396227,111675.0,False
429,466.54,173.64,14,18,0,0,,,,,0,P2_OUT,,False,190.7093898021733,69269.0,False
428,498.76,185.37,14,19,0,0,,,,,0,P2_OUT,,False,136.0201850294365,81268.0,False
427,530.97,197.09,14,20,0,0,,,,,0,P2_OUT,,False,136.62906622981512,60245.0,False
426,253.12,91.77,14,21,0,0,,,,,0,P2_OUT,,False,82.25939254354397,64962.0,False
425,285.33,103.49,14,22,0,0,,,,,0,P2_OUT,,False,118.60770110560428,51009.0,False
424,317.55,115.21,14,23,0,0,,,,,0,P2_OUT,,False,124.06917817401796,61831.0,False
423,349.77,126.94,14,24,0,0,,,,,0,P2_OUT,,False,127.77774643914822,83829.0,False
422,381.99,138.66,14,25,0,0,,,,,0,P2_OUT,,False,139.1075495571489,73694.0,False
421,414.21,150.38,14,26,0,0,,,,,0,P2_OUT,,False,167.90401146131805,83481.0,False
420,446.43,162.1,14,27,0,0,,,,,0,P2_OUT,,False,195.67902899527985,91100.0,False
419,478.64,173.83,14,28,0,0,,,,,0,P2_OUT,,False,182.78719397363463,64041.0,False
418,510.86,185.55,14,29,0,0,,,,,0,P2_OUT,,False,135.48101874098992,65656.0,False
417,543.08,197.28,14,30,0,0,,,,,0,P2_OUT,,False,83.56152876942461,85772.0,False
416,220.9,80.06,14,31,0,0,,,,,0,P2_OUT,,False,70.12234349654963,114160.0,False
415,188.68,68.35,14,32,0,0,,,,,0,P2_OUT,,False,74.57213594418187,89926.0,False
414,156.46,56.64,14,33,0,0,,,,,0,P2_OUT,,False,209.96937573616017,22011.0,False
413,124.24,44.94,14,34,0,0,,,,,0,P2_OUT,,False,56.09891656496598,10155929.0,False
412,426.28,150.56,14,35,0,0,,,,,0,P2_OUT,,False,198.81729161690947,93254.0,False
411,458.5,162.28,14,36,0,0,,,,,0,P2_OUT,,False,145.0255033557047,77921.0,False
410,490.72,174.01,14,37,0,0,,,,,0,P2_OUT,,False,111.41598207617626,72497.0,False
409,522.94,185.73,14,38,0,0,,,,,0,P2_OUT,,False,124.82196339434276,69802.0,False
408,555.16,197.45,14,39,0,0,,,,,0,P2_OUT,,False,141.6960954986322,42510.0,False
407,394.06,138.84,14,40,0,0,,,,,0,P2_OUT,,False,151.82652861887087,76724.0,False
406,361.84,127.12,14,41,0,0,,,,,0,P2_OUT,,False,138.0505701536936,76794.0,False
405,329.62,115.4,14,42,0,0,,,,,0,P2_OUT,,False,111.8821900566394,69745.0,False
404,297.4,103.68,14,43,0,0,,,,,0,P2_OUT,,False,97.04563709382988,81316.0,False
403,265.17,91.97,14,44,0,0,,,,,0,P2_OUT,,False,91.93859234766178,66189.0,False
402,232.95,80.26,14,45,0,0,,,,,0,P2_OUT,,False,104.8630303030303,37824.0,False
401,200.72,68.55,14,46,0,0,,,,,0,P2_OUT,,False,97.5792276964048,49615.0,False
400,168.49,56.85,14,47,0,0,,,,,0,P2_OUT,,False,79.9210024064393,49122.0,False
399,136.25,45.17,14,48,0,0,,,,,0,P2_OUT,,False,127.15011547344112,17272.0,False
398,535.0,185.9,14,49,0,0,,,,,0,P2_OUT,,False,145.81642512077295,54933.0,False
397,502.77,174.17,14,50,0,0,,,,,0,P2_OUT,,False,170.77282086479065,82512.0,False
396,470.55,162.45,14,51,0,0,,,,,0,P2_OUT,,False,,0.0,False
395,438.33,150.73,14,52,0,0,,,,,0,P2_OUT,,False,205.13631840796015,85265.0,False
394,406.1,139.01,14,53,0,0,,,,,0,P2_OUT,,False,160.44991511035653,72659.0,False
393,373.87,127.29,14,54,0,0,,,,,0,P2_OUT,,False,123.21434730125884,66051.0,False
392,341.65,115.57,14,55,0,0,,,,,0,P2_OUT,,False,110.02309037900876,78317.0,False
391,309.42,103.85,14,56,0,0,,,,,0,P2_OUT,,False,110.61003043535794,57997.0,False
390,277.18,92.14,14,57,0,0,,,,,0,P2_OUT,,False,132.32987068051727,53077.0,False
389,547.03,186.05,14,58,0,0,,,,,0,P2_OUT,,False,147.78813221823975,56255.0,False
388,514.8,174.33,14,59,0,0,,,,,0,P2_OUT,,False,133.272829551847,66853.0,False
387,482.57,162.61,14,60,0,0,,,,,0,P2_OUT,,False,148.86494612878977,70425.0,False
386,450.34,150.88,14,61,0,0,,,,,0,P2_OUT,,False,171.5994587280108,75699.0,False
385,418.11,139.16,14,62,0,0,,,,,0,P2_OUT,,False,167.48392979256894,71700.0,False
384,559.04,186.2,14,63,0,0,,,,,0,P2_OUT,,False,144.0914866581957,47689.0,False
511,517.51,230.14,15,0,0,0,,,,,0,P2_OUT,,False,130.3359516616314,69355.0,False
510,465.3,206.9,15,1,2340,2177,172.0,124.0,246.0,173.72121212121212,2177,P2_OUT,0.9303418803418804,True,160.5452787624879,180874.0,True
509,413.1,183.66,15,2,27913,25020,162.0,122.0,228.0,165.43364681295716,25020,P2_OUT,0.8963565363808977,True,165.74815139398586,242672.0,True
508,497.59,218.67,15,3,0,0,,,,,0,P2_OUT,,False,162.43026753205635,91077.0,False
507,360.9,160.42,15,4,0,0,,,,,0,P2_OUT,,False,130.01697312588402,135860.0,False
506,445.38,195.43,15,5,7606,7176,219.0,157.75,320.0,221.90476190476193,7176,P2_OUT,0.9434656849855377,True,215.6719560094265,238512.0,True
505,529.86,230.43,15,6,0,0,,,,,0,P2_OUT,,False,141.2280124337173,65165.0,False
504,308.7,137.19,15,7,0,0,,,,,0,P2_OUT,,False,127.0183226887237,88962.0,False
503,393.18,172.19,15,8,28937,20586,135.0,109.0,178.0,137.10277324632952,20586,P2_OUT,0.7114075405190586,True,138.9602588246656,175036.0,True
502,477.66,207.19,15,9,0,0,,,,,0,P2_OUT,,False,163.9584401565241,107293.0,False
501,256.49,113.95,15,10,0,0,,,,,0,P2_OUT,,False,129.02383939774154,44774.0,False
500,340.97,148.96,15,11,0,0,,,,,0,P2_OUT,,False,145.57464376082035,109794.0,False
499,425.45,183.96,15,12,14044,12686,210.0,151.0,304.0,211.12717536813923,12686,P2_OUT,0.9033039020222159,True,210.8276868212028,226079.0,True
498,509.92,218.95,15,13,0,0,,,,,0,P2_OUT,,False,162.4437904649794,74933.0,False
497,288.77,125.73,15,14,0,0,,,,,0,P2_OUT,,False,139.2282537606279,45258.0,False
496,373.24,160.72,15,15,0,0,,,,,0,P2_OUT,,False,122.13631620685337,171765.0,False
495,457.71,195.72,15,16,2434,2294,224.0,161.0,326.75,225.05882352941177,2294,P2_OUT,0.942481511914544,True,223.53568555338467,179303.0,True
494,542.19,230.71,15,17,0,0,,,,,0,P2_OUT,,False,154.51971794202143,50541.0,False
493,204.29,90.72,15,18,0,0,,,,,0,P2_OUT,,False,148.32882414151925,33354.0,False
492,321.03,137.49,15,19,0,0,,,,,0,P2_OUT,,False,157.24229897319643,79535.0,False
491,405.5,172.48,15,20,20131,17386,155.0,119.0,213.0,156.02643171806167,17386,P2_OUT,0.8636431374497044,True,153.20635584361278,203369.0,True
490,489.97,207.47,15,21,0,0,,,,,0,P2_OUT,,False,165.2566305565932,83824.0,False
489,236.56,102.5,15,22,0,0,,,,,0,P2_OUT,,False,137.80133591898297,49924.0,False
488,152.09,67.5,15,23,0,0,,,,,0,P2_OUT,,False,235.4077669902913,30111.0,False
487,522.23,219.22,15,24,0,0,,,,,0,P2_OUT,,False,162.94028230184583,60696.0,False
486,437.76,184.23,15,25,1830,1722,224.0,158.25,325.0,225.83333333333334,1722,P2_OUT,0.940983606557377,True,216.2907455976021,201782.0,True
485,353.29,149.25,15,26,0,0,,,,,0,P2_OUT,,False,134.28148703062084,112735.0,False
484,268.82,114.26,15,27,0,0,,,,,0,P2_OUT,,False,138.92857142857144,39069.0,False
483,184.35,79.27,15,28,0,0,,,,,0,P2_OUT,,False,171.05830258302584,31649.0,False
482,470.01,195.98,15,29,0,0,,,,,0,P2_OUT,,False,177.34876489894629,94922.0,False
481,385.54,161.0,15,30,2848,2073,130.0,106.0,176.0,133.28185328185327,2073,P2_OUT,0.7278792134831461,True,135.0889277849924,146014.0,True
480,110.37,48.81,15,31,0,0,,,,,0,P2_OUT,,False,144.03728362183756,16171.0,False
479,502.25,207.73,15,32,0,0,,,,,0,P2_OUT,,False,192.96947040498443,71051.0,False
478,301.07,126.02,15,33,0,0,,,,,0,P2_OUT,,False,115.63136337039204,63955.0,False
477,417.78,172.75,15,34,6849,5941,188.0,140.0,270.0,188.73640167364016,5941,P2_OUT,0.8674259015914733,True,188.80515713134568,174802.0,True
476,534.5,219.47,15,35,0,0,,,,,0,P2_OUT,,False,131.12668957617413,57070.0,False
475,216.6,91.04,15,36,0,0,,,,,0,P2_OUT,,False,126.85225995052843,40198.0,False
474,333.32,137.76,15,37,0,0,,,,,0,P2_OUT,,False,140.4496700659868,86053.0,False
473,450.03,184.49,15,38,0,0,,,,,0,P2_OUT,,False,280.1507671781188,177559.0,False
472,248.85,102.79,15,39,0,0,,,,,0,P2_OUT,,False,130.81147155618245,45785.0,False
471,365.56,149.51,15,40,0,0,,,,,0,P2_OUT,,False,133.81238568068983,96341.0,False
470,482.26,196.23,15,41,0,0,,,,,0,P2_OUT,,False,156.48637117800428,66757.0,False
469,132.14,56.07,15,42,0,0,,,,,0,P2_OUT,,False,182.8688138256088,20013.0,False
468,514.5,207.97,15,43,0,0,,,,,0,P2_OUT,,False,168.96975337366217,73521.0,False
467,397.79,161.25,15,44,7742,6506,134.0,106.0,179.0,135.91857506361322,6506,P2_OUT,0.84035133040558,True,134.69355888093688,156600.0,True
466,281.08,114.54,15,45,0,0,,,,,0,P2_OUT,,False,124.8702928870293,43957.0,False
465,546.73,219.71,15,46,0,0,,,,,0,P2_OUT,,False,138.40555422552072,41965.0,False
464,430.03,172.99,15,47,14,12,198.5,149.25,248.25,197.33333333333334,12,P2_OUT,0.8571428571428571,False,195.548988406456,149961.0,False
463,164.38,67.83,15,48,0,0,,,,,0,P2_OUT,,False,221.6921322690992,25893.0,False
462,313.32,126.28,15,49,0,0,,,,,0,P2_OUT,,False,116.34987334227388,72597.0,False
461,462.26,184.73,15,50,0,0,,,,,0,P2_OUT,,False,185.626101631352,93607.0,False
460,345.55,138.02,15,51,0,0,,,,,0,P2_OUT,,False,156.34157883415787,71252.0,False
459,494.49,196.47,15,52,0,0,,,,,0,P2_OUT,,False,196.4232258064516,64760.0,False
458,196.61,79.57,15,53,0,0,,,,,0,P2_OUT,,False,174.93218514531753,27926.0,False
457,526.72,208.2,15,54,0,0,,,,,0,P2_OUT,,False,144.89301246738185,47707.0,False
456,377.78,149.75,15,55,0,0,,,,,0,P2_OUT,,False,125.10875742702144,93479.0,False
455,228.84,91.31,15,56,0,0,,,,,0,P2_OUT,,False,102.9642647920328,50180.0,False
454,410.0,161.49,15,57,94,67,128.0,103.5,153.5,128.66666666666666,67,P2_OUT,0.7127659574468085,False,156.7711503347535,126467.0,False
453,261.06,103.05,15,58,0,0,,,,,0,P2_OUT,,False,117.63255063631476,50022.0,False
452,442.23,173.22,15,59,0,0,,,,,0,P2_OUT,,False,182.98561471155276,115658.0,False
451,293.29,114.78,15,60,0,0,,,,,0,P2_OUT,,False,113.10963714397192,43377.0,False
450,474.46,184.96,15,61,0,0,,,,,0,P2_OUT,,False,149.6023793182338,60963.0,False
449,325.51,126.52,15,62,0,0,,,,,0,P2_OUT,,False,119.26285423383676,55688.0,False
448,506.68,196.69,15,63,0,0,,,,,0,P2_OUT,,False,150.66385174759557,63677.0,False
575,310.97,158.95,16,0,0,0,,,,,0,P2_OUT,,False,,0.0,False
574,402.88,205.11,16,1,24054,21641,128.0,95.0,176.0,128.12193995381062,21641,P2_OUT,0.8996840442338072,True,125.54392557350222,301981.0,True
573,494.8,251.27,16,2,0,0,,,,,0,P2_OUT,,False,158.08830788920378,141180.0,False
572,291.14,147.51,16,3,0,0,,,,,0,P2_OUT,,False,127.20603359616044,61627.0,False
571,383.06,193.67,16,4,28886,22653,112.0,90.0,150.0,114.58396568789179,22653,P2_OUT,0.7842207297652842,True,112.8074592660032,246287.0,True
570,474.97,239.84,16,5,0,0,,,,,0,P2_OUT,,False,163.5129945575735,262135.0,False
569,199.23,101.36,16,6,0,0,,,,,0,P2_OUT,,False,102.6520694259012,48428.0,False
568,271.31,136.08,16,7,0,0,,,,,0,P2_OUT,,False,108.0527289546716,58405.0,False
567,363.22,182.24,16,8,0,0,,,,,0,P2_OUT,,False,106.20130881894671,205842.0,False
566,455.14,228.4,16,9,2553,2358,165.0,119.0,252.0,171.2405063291139,2358,P2_OUT,0.9236192714453584,True,162.35939220436026,295339.0,True
565,179.39,89.93,16,10,0,0,,,,,0,P2_OUT,,False,127.61768646717285,40387.0,False
564,435.3,216.96,16,11,23025,22038,192.0,128.0,288.0,202.319255547602,22038,P2_OUT,0.9571335504885994,True,183.13383923824253,386579.0,True
563,527.22,263.12,16,12,0,0,,,,,0,P2_OUT,,False,118.3298275136727,98813.0,False
562,343.39,170.8,16,13,0,0,,,,,0,P2_OUT,,False,104.8165854045269,163442.0,False
561,251.47,124.65,16,14,0,0,,,,,0,P2_OUT,,False,117.36695112490304,39915.0,False
560,507.38,251.68,16,15,0,0,,,,,0,P2_OUT,,False,160.25323227819885,104073.0,False
559,415.46,205.52,16,16,22339,20166,182.0,131.0,260.0,183.8910394265233,20166,P2_OUT,0.902726173955862,True,189.61177649976256,299970.0,True
558,159.55,78.51,16,17,0,0,,,,,0,P2_OUT,,False,78.6403946571272,63443.0,False
557,323.54,159.36,16,18,0,0,,,,,0,P2_OUT,,False,94.01116559056264,107291.0,False
556,487.54,240.23,16,19,0,0,,,,,0,P2_OUT,,False,188.6029173419773,179244.0,False
555,231.62,113.22,16,20,0,0,,,,,0,P2_OUT,,False,114.55584836813298,52248.0,False
554,395.62,194.08,16,21,42494,37867,129.0,98.0,180.0,130.68630028924534,37867,P2_OUT,0.8911140396291242,True,125.21971360801196,306668.0,True
553,303.7,147.93,16,22,0,0,,,,,0,P2_OUT,,False,115.373814509176,80168.0,False
552,467.7,228.79,16,23,0,0,,,,,0,P2_OUT,,False,167.94586466165413,265551.0,False
551,139.69,67.1,16,24,0,0,,,,,0,P2_OUT,,False,73.85968247395515,131744.0,False
550,375.77,182.64,16,25,12943,10854,114.0,89.0,157.0,116.45041014168531,10854,P2_OUT,0.8386000154523681,True,110.09893496242634,260859.0,True
549,211.76,101.79,16,26,0,0,,,,,0,P2_OUT,,False,77.2110475709415,91571.0,False
548,447.85,217.35,16,27,25707,23568,191.0,132.0,274.0,191.53469927296763,23568,P2_OUT,0.9167930913758898,True,190.5842461606209,303453.0,True
547,519.93,252.06,16,28,0,0,,,,,0,P2_OUT,,False,141.06081504702195,91890.0,False
546,283.84,136.49,16,29,0,0,,,,,0,P2_OUT,,False,102.8466796875,72441.0,False
545,355.92,171.19,16,30,0,0,,,,,0,P2_OUT,,False,104.02532396874074,213499.0,False
544,427.99,205.9,16,31,12700,11960,203.0,141.0,291.0,202.56603773584905,11960,P2_OUT,0.9417322834645669,True,199.21181377522265,331702.0,True
543,500.07,240.61,16,32,0,0,,,,,0,P2_OUT,,False,156.69157560803666,128859.0,False
542,191.89,90.36,16,33,0,0,,,,,0,P2_OUT,,False,1015.7674418604652,531.0,False
541,263.97,125.05,16,34,0,0,,,,,0,P2_OUT,,False,108.9672619047619,59239.0,False
540,408.13,194.45,16,35,35849,33409,160.0,114.0,228.0,161.47611710323574,33409,P2_OUT,0.9319367346369495,True,151.8569517524302,319141.0,True
539,480.21,229.16,16,36,0,0,,,,,0,P2_OUT,,False,179.2300469483568,215310.0,False
538,336.05,159.75,16,37,0,0,,,,,0,P2_OUT,,False,99.36309591427164,188236.0,False
537,119.81,55.69,16,38,0,0,,,,,0,P2_OUT,,False,71.91228070175438,75118.0,False
536,388.27,183.0,16,39,40112,35096,128.0,97.0,174.0,128.70106300233343,35096,P2_OUT,0.8749501396090945,True,126.4974828652878,280583.0,True
535,460.35,217.71,16,40,3130,2939,171.0,118.0,253.5,170.67906976744186,2939,P2_OUT,0.9389776357827476,True,156.92373485388453,261571.0,True
534,532.43,252.42,16,41,0,0,,,,,0,P2_OUT,,False,121.8949720670391,67466.0,False
533,316.18,148.3,16,42,0,0,,,,,0,P2_OUT,,False,113.38472727272728,88308.0,False
532,244.1,113.61,16,43,0,0,,,,,0,P2_OUT,,False,103.44593232541396,52446.0,False
531,172.0,78.92,16,44,0,0,,,,,0,P2_OUT,,False,170.15384615384616,30713.0,False
530,512.56,240.96,16,45,0,0,,,,,0,P2_OUT,,False,120.59331504622574,116053.0,False
529,440.48,206.26,16,46,15585,14385,202.0,143.0,290.0,203.27485380116957,14385,P2_OUT,0.9230028873917228,True,204.24431543299468,289199.0,True
528,368.39,171.55,16,47,0,0,,,,,0,P2_OUT,,False,94.67898538551992,219719.0,False
527,296.3,136.85,16,48,0,0,,,,,0,P2_OUT,,False,100.76510220395112,81572.0,False
526,492.68,229.51,16,49,0,0,,,,,0,P2_OUT,,False,162.75697008274983,125351.0,False
525,224.2,102.16,16,50,0,0,,,,,0,P2_OUT,,False,103.86093211449123,56293.0,False
524,420.6,194.8,16,51,21226,19904,200.0,143.0,291.0,202.11586901763224,19904,P2_OUT,0.9377178931499105,True,203.31848341232225,299220.0,True
523,348.5,160.1,16,52,0,0,,,,,0,P2_OUT,,False,101.074133542197,178722.0,False
522,276.41,125.4,16,53,0,0,,,,,0,P2_OUT,,False,69.98751719030996,57353.0,False
521,472.8,218.05,16,54,0,0,,,,,0,P2_OUT,,False,150.1712874004941,188255.0,False
520,400.71,183.35,16,55,33664,30101,130.0,100.0,182.0,133.10943396226415,30101,P2_OUT,0.894159933460076,True,131.40976281788733,267159.0,True
519,328.61,148.65,16,56,0,0,,,,,0,P2_OUT,,False,113.97791903646704,98885.0,False
518,525.01,241.3,16,57,0,0,,,,,0,P2_OUT,,False,114.90998283051265,92394.0,False
517,452.91,206.59,16,58,15593,14459,163.0,113.0,242.0,165.46598984771575,14459,P2_OUT,0.9272750593214905,True,162.9515784178091,257253.0,True
516,380.81,171.89,16,59,8164,6370,98.0,76.0,134.0,99.70353477765109,6370,P2_OUT,0.7802547770700637,True,93.2478108818825,206908.0,True
515,433.01,195.13,16,60,8349,7818,177.0,123.0,258.0,178.0369003690037,7818,P2_OUT,0.936399568810636,True,175.76781361600817,277078.0,True
514,505.11,229.83,16,61,0,0,,,,,0,P2_OUT,,False,119.98592633315008,91107.0,False
513,485.21,218.37,16,62,0,0,,,,,0,P2_OUT,,False,142.41695447409734,131043.0,False
512,537.42,241.61,16,63,0,0,,,,,0,P2_OUT,,False,101.97759818516944,62408.0,False
639,510.32,294.56,17,0,0,0,,,,,0,P2_OUT,,False,,0.0,False
638,470.73,271.7,17,1,0,0,,,,,0,P2_OUT,,False,242.3545870325532,97390.0,False
637,450.94,260.27,17,2,0,0,,,,,0,P2_OUT,,False,227.37203901532743,118805.0,False
636,431.14,248.85,17,3,11076,10042,209.0,144.0,314.0,211.0371819960861,10042,P2_OUT,0.906644998194294,True,214.51713782748263,201571.0,True
635,411.35,237.42,17,4,11729,3500,123.0,97.0,170.0,123.63025210084034,3500,P2_OUT,0.29840566118168643,True,127.89098472351718,110862.0,True
634,503.37,283.68,17,5,0,0,,,,,0,P2_OUT,,False,153.0061699098244,72550.0,False
633,351.96,203.13,17,6,0,0,,,,,0,P2_OUT,,False,104.5751575659546,115128.0,False
632,483.57,272.25,17,7,0,0,,,,,0,P2_OUT,,False,192.8787813773868,99760.0,False
631,312.38,180.28,17,8,0,0,,,,,0,P2_OUT,,False,119.47784810126582,25897.0,False
630,463.78,260.82,17,9,0,0,,,,,0,P2_OUT,,False,257.8067262664964,142493.0,False
629,443.98,249.39,17,10,367,350,194.0,130.0,289.5,194.66666666666666,350,P2_OUT,0.9536784741144414,False,178.58628019323672,213808.0,False
628,272.79,157.42,17,11,0,0,,,,,0,P2_OUT,,False,127.90521721055912,46821.0,False
627,424.18,237.97,17,12,18784,17348,199.0,140.0,292.0,199.3953488372093,17348,P2_OUT,0.9235519591141397,True,194.1168132300827,287618.0,True
626,252.99,145.99,17,13,0,0,,,,,0,P2_OUT,,False,114.29869502174964,54023.0,False
625,404.39,226.54,17,14,13468,12052,144.0,108.0,205.0,145.57952468007312,12052,P2_OUT,0.8948618948618948,True,145.69053784437747,281752.0,True
624,384.59,215.11,17,15,17323,12115,128.0,102.0,173.0,128.29955947136563,12115,P2_OUT,0.6993592333891359,True,131.93850061227266,201291.0,True
623,213.41,123.14,17,16,0,0,,,,,0,P2_OUT,,False,122.38945108862312,26419.0,False
622,364.79,203.69,17,17,6918,3496,126.0,106.0,164.25,127.30658105939004,3496,P2_OUT,0.5053483665799364,True,132.76895148669797,123215.0,True
621,516.16,284.19,17,18,0,0,,,,,0,P2_OUT,,False,150.54531430775162,62309.0,False
620,344.99,192.26,17,19,0,0,,,,,0,P2_OUT,,False,122.98223408311094,108088.0,False
619,496.36,272.76,17,20,0,0,,,,,0,P2_OUT,,False,172.3388250956898,86230.0,False
618,325.2,180.83,17,21,0,0,,,,,0,P2_OUT,,False,117.91724955542382,71217.0,False
617,476.56,261.34,17,22,0,0,,,,,0,P2_OUT,,False,242.86989657049537,136927.0,False
616,173.82,100.28,17,23,0,0,,,,,0,P2_OUT,,False,185.4154281670205,27819.0,False
615,456.76,249.91,17,24,1,0,,,,,0,P2_OUT,0.0,False,242.4156862745098,216272.0,False
614,305.4,169.4,17,25,0,0,,,,,0,P2_OUT,,False,125.92686170212768,51251.0,False
613,436.96,238.48,17,26,17543,16287,217.0,152.0,316.0,218.2202247191011,16287,P2_OUT,0.9284044918200992,True,215.3348326498214,291675.0,True
612,285.6,157.98,17,27,0,0,,,,,0,P2_OUT,,False,128.87058823529412,42918.0,False
611,417.16,227.05,17,28,12523,11327,177.0,129.0,250.0,176.67469879518072,11327,P2_OUT,0.9044957278607363,True,177.91167352746862,294494.0,True
610,265.8,146.55,17,29,0,0,,,,,0,P2_OUT,,False,138.61740763932372,57349.0,False
609,397.36,215.62,17,30,20947,17766,134.0,101.0,184.0,135.51872871736663,17766,P2_OUT,0.8481405451854681,True,135.06310589458826,283580.0,True
608,246.0,135.13,17,31,0,0,,,,,0,P2_OUT,,False,134.0670349907919,46805.0,False
607,377.55,204.2,17,32,19459,15955,120.0,97.0,163.0,122.00962800875274,15955,P2_OUT,0.8199290816588725,True,120.36500032335252,246153.0,True
606,226.2,123.7,17,33,0,0,,,,,0,P2_OUT,,False,150.09601634320734,30954.0,False
605,509.11,273.25,17,34,0,0,,,,,0,P2_OUT,,False,141.30456852791878,94433.0,False
604,357.75,192.77,17,35,0,0,,,,,0,P2_OUT,,False,137.7408414239482,137678.0,False
603,489.3,261.82,17,36,0,0,,,,,0,P2_OUT,,False,206.20216919739696,124824.0,False
602,337.94,181.34,17,37,0,0,,,,,0,P2_OUT,,False,124.88345558272208,101868.0,False
601,469.49,250.39,17,38,0,0,,,,,0,P2_OUT,,False,240.5835189309577,225591.0,False
600,206.39,112.28,17,39,0,0,,,,,0,P2_OUT,,False,111.77604306864065,26320.0,False
599,449.68,238.96,17,40,536,486,162.5,114.25,238.75,165.94285714285715,486,P2_OUT,0.9067164179104478,True,151.71913681673786,267207.0,True
598,318.13,169.91,17,41,0,0,,,,,0,P2_OUT,,False,132.69273021001615,56605.0,False
597,186.59,100.86,17,42,0,0,,,,,0,P2_OUT,,False,171.77835800807537,1473367.0,False
596,429.87,227.53,17,43,12650,11751,212.0,152.0,306.0,213.3294117647059,11751,P2_OUT,0.9289328063241107,True,208.31298304475467,304411.0,True
595,298.32,158.49,17,44,0,0,,,,,0,P2_OUT,,False,120.76749116607772,45769.0,False
594,166.78,89.44,17,45,0,0,,,,,0,P2_OUT,,False,165.5328345802161,35298.0,False
593,410.06,216.1,17,46,9523,8434,157.0,114.25,219.0,157.4554707379135,8434,P2_OUT,0.8856452798487872,True,157.45365134005408,288765.0,True
592,521.8,273.71,17,47,0,0,,,,,0,P2_OUT,,False,130.81238832638476,74725.0,False
591,278.51,147.06,17,48,0,0,,,,,0,P2_OUT,,False,136.27673754363693,54550.0,False
590,390.25,204.67,17,49,17351,15445,132.0,103.0,179.0,133.77454545454546,15445,P2_OUT,0.8901504236067086,True,132.0314379442318,296885.0,True
589,501.98,262.28,17,50,0,0,,,,,0,P2_OUT,,False,161.76244565979528,106383.0,False
588,370.43,193.24,17,51,6255,4402,112.0,92.0,151.0,114.0,4402,P2_OUT,0.7037569944044764,True,118.99768895624172,208426.0,True
587,482.17,250.84,17,52,0,0,,,,,0,P2_OUT,,False,211.2430426716141,177463.0,False
586,258.7,135.63,17,53,0,0,,,,,0,P2_OUT,,False,90.98749460974558,51675.0,False
585,146.97,78.02,17,54,0,0,,,,,0,P2_OUT,,False,157.8943466172382,34684.0,False
584,462.35,239.41,17,55,0,0,,,,,0,P2_OUT,,False,178.6800380831482,258730.0,False
583,350.61,181.81,17,56,0,0,,,,,0,P2_OUT,,False,110.26940979995024,147488.0,False
582,238.88,124.21,17,57,0,0,,,,,0,P2_OUT,,False,106.2172338884866,39221.0,False
581,442.53,227.98,17,58,17519,15782,167.0,120.0,243.0,168.93959731543623,15782,P2_OUT,0.90085050516582,True,171.4540765721087,288936.0,True
580,127.15,66.61,17,59,0,0,,,,,0,P2_OUT,,False,164.29070837166515,24703.0,False
579,330.79,170.38,17,60,0,0,,,,,0,P2_OUT,,False,105.47566055331052,106972.0,False
578,422.71,216.54,17,61,9058,8303,181.0,128.5,258.0,183.2226148409894,8303,P2_OUT,0.9166482667255464,True,180.88810150825952,307895.0,True
577,219.06,112.78,17,62,0,0,,,,,0,P2_OUT,,False,120.55437665782492,40305.0,False
576,514.62,262.71,17,63,0,0,,,,,0,P2_OUT,,False,123.3560855263158,103393.0,False
703,398.96,257.7,18,0,2559,2266,172.0,123.0,247.0,171.72602739726028,2266,P2_OUT,0.8855021492770614,True,172.93531041225356,85365.0,True
702,187.46,121.75,18,1,0,0,,,,,0,P2_OUT,,False,143.9610705596107,22160.0,False
701,313.02,201.18,18,2,0,0,,,,,0,P2_OUT,,False,121.32139093782928,44001.0,False
700,418.77,269.15,18,3,2088,1929,226.0,153.0,339.0,228.6153846153846,1929,P2_OUT,0.9238505747126436,True,197.55276907001044,87173.0,True
699,207.27,133.21,18,4,0,0,,,,,0,P2_OUT,,False,133.38958829533854,29726.0,False
698,438.58,280.59,18,5,0,0,,,,,0,P2_OUT,,False,220.69533259830945,70480.0,False
697,332.83,212.63,18,6,0,0,,,,,0,P2_OUT,,False,127.52395313768704,66819.0,False
696,227.07,144.66,18,7,0,0,,,,,0,P2_OUT,,False,153.09803921568627,26234.0,False
695,458.39,292.04,18,8,0,0,,,,,0,P2_OUT,,False,286.7921092564492,77056.0,False
694,352.63,224.08,18,9,1537,863,123.0,102.0,160.0,124.34437086092716,863,P2_OUT,0.5614834092387768,True,138.29349153725354,58002.0,True
693,246.88,156.11,18,10,0,0,,,,,0,P2_OUT,,False,152.29935089728903,48623.0,False
692,478.2,303.48,18,11,0,0,,,,,0,P2_OUT,,False,158.29346733668342,49397.0,False
691,372.44,235.52,18,12,5632,3961,124.0,100.0,168.0,125.25827814569536,3961,P2_OUT,0.7033025568181818,True,134.14470482776284,85438.0,True
690,498.01,314.93,18,13,0,0,,,,,0,P2_OUT,,False,120.53447813254628,33460.0,False
689,121.33,76.7,18,14,0,0,,,,,0,P2_OUT,,False,1010.6078926735778,76864.0,False
688,392.25,246.96,18,15,4609,3935,171.0,127.0,245.0,172.1762711864407,3935,P2_OUT,0.8537643740507702,True,177.18815185648728,112084.0,True
687,266.68,167.56,18,16,0,0,,,,,0,P2_OUT,,False,151.18570655116406,31955.0,False
686,141.12,88.16,18,17,0,0,,,,,0,P2_OUT,,False,177.12177121771217,33940.0,False
685,412.05,258.41,18,18,5004,4586,226.0,155.0,347.0,229.1588785046729,4586,P2_OUT,0.916466826538769,True,223.325370281892,93827.0,True
684,286.48,179.0,18,19,0,0,,,,,0,P2_OUT,,False,162.81593927893738,44614.0,False
683,431.85,269.85,18,20,109,105,208.0,139.0,323.0,209.6,105,P2_OUT,0.963302752293578,False,173.04634084578376,72070.0,False
682,160.91,99.61,18,21,0,0,,,,,0,P2_OUT,,False,231.97525773195875,31031.0,False
681,306.28,190.45,18,22,0,0,,,,,0,P2_OUT,,False,156.2812077512393,62685.0,False
680,451.66,281.29,18,23,0,0,,,,,0,P2_OUT,,False,313.67519776640296,87419.0,False
679,471.46,292.73,18,24,0,0,,,,,0,P2_OUT,,False,226.73476833272528,61197.0,False
678,326.08,201.89,18,25,0,0,,,,,0,P2_OUT,,False,153.31220164216154,63100.0,False
677,491.26,304.16,18,26,0,0,,,,,0,P2_OUT,,False,159.64458300857368,51509.0,False
676,180.71,111.05,18,27,0,0,,,,,0,P2_OUT,,False,175.42439024390245,67679.0,False
675,345.88,213.32,18,28,0,0,,,,,0,P2_OUT,,False,145.37799834574028,54919.0,False
674,200.5,122.49,18,29,0,0,,,,,0,P2_OUT,,False,136.23661397246303,19629.0,False
673,365.68,224.76,18,30,5835,3738,128.5,106.0,170.0,129.86206896551724,3738,P2_OUT,0.6406169665809769,True,134.807361428727,85220.0,True
672,220.29,133.93,18,31,0,0,,,,,0,P2_OUT,,False,164.11556006082108,28951.0,False
671,385.48,236.2,18,32,9194,6510,151.0,118.0,204.0,153.03834808259586,6510,P2_OUT,0.7080704807483141,True,156.99040590405903,113010.0,True
670,405.28,247.63,18,33,5455,4866,200.0,141.0,291.0,201.6498054474708,4866,P2_OUT,0.892025664527956,True,201.54031156053568,138241.0,True
669,240.09,145.37,18,34,0,0,,,,,0,P2_OUT,,False,145.96870554765292,45314.0,False
668,425.08,259.07,18,35,4198,3773,269.0,184.0,404.0,269.33333333333337,3773,P2_OUT,0.8987613149118628,True,263.52171460800906,100334.0,True
667,259.88,156.8,18,36,0,0,,,,,0,P2_OUT,,False,136.92911326183625,38481.0,False
666,444.87,270.5,18,37,0,0,,,,,0,P2_OUT,,False,272.65692175408424,81811.0,False
665,279.68,168.24,18,38,0,0,,,,,0,P2_OUT,,False,156.41286863270778,37772.0,False
664,464.67,281.94,18,39,0,0,,,,,0,P2_OUT,,False,284.785046728972,85778.0,False
663,484.47,293.37,18,40,0,0,,,,,0,P2_OUT,,False,171.6414922656961,60463.0,False
662,299.47,179.67,18,41,0,0,,,,,0,P2_OUT,,False,154.1782999308915,50632.0,False
661,504.27,304.81,18,42,0,0,,,,,0,P2_OUT,,False,141.0375085246647,40765.0,False
660,104.54,60.29,18,43,0,0,,,,,0,P2_OUT,,False,106.49535080304312,17690.0,False
659,319.27,191.1,18,44,0,0,,,,,0,P2_OUT,,False,129.4582684175384,52261.0,False
658,114.45,66.0,18,45,0,0,,,,,0,P2_OUT,,False,145.81443298969072,19212.0,False
657,339.06,202.53,18,46,0,0,,,,,0,P2_OUT,,False,107.92916751475676,69564.0,False
656,358.86,213.97,18,47,2696,1338,134.5,115.0,172.0,136.74418604651163,1338,P2_OUT,0.49629080118694363,True,146.94490183660545,73069.0,True
655,134.24,77.43,18,48,0,0,,,,,0,P2_OUT,,False,171.4413024850043,30435.0,False
654,378.65,225.4,18,49,8586,6202,133.0,107.0,178.0,134.5679676985195,6202,P2_OUT,0.72233869089215,True,139.92889935256034,156928.0,True
653,398.45,236.83,18,50,7234,6157,152.0,115.0,209.0,153.6580310880829,6157,P2_OUT,0.8511197124688968,True,151.5063393579714,188367.0,True
652,418.24,248.26,18,51,8213,7458,210.5,143.0,317.0,210.99487179487178,7458,P2_OUT,0.90807256788019,True,209.53515860571704,180205.0,True
651,154.03,88.86,18,52,0,0,,,,,0,P2_OUT,,False,111.61478933791918,45790.0,False
650,438.04,259.69,18,53,99,91,191.0,128.0,283.0,190.4,91,P2_OUT,0.9191919191919192,False,205.62870773698404,100319.0,False
649,457.83,271.12,18,54,0,0,,,,,0,P2_OUT,,False,299.06108336534766,96551.0,False
648,477.63,282.55,18,55,0,0,,,,,0,P2_OUT,,False,205.7619047619048,75675.0,False
647,497.42,293.98,18,56,0,0,,,,,0,P2_OUT,,False,151.5561473590768,52006.0,False
646,193.61,111.71,18,57,0,0,,,,,0,P2_OUT,,False,139.31046166878443,26852.0,False
645,233.2,134.56,18,58,0,0,,,,,0,P2_OUT,,False,131.5354923127249,39693.0,False
644,292.58,168.85,18,59,0,0,,,,,0,P2_OUT,,False,135.83143507972665,39442.0,False
643,332.17,191.7,18,60,0,0,,,,,0,P2_OUT,,False,130.70753512132822,72624.0,False
642,371.76,214.56,18,61,13103,8280,131.0,112.0,170.0,133.04635761589404,8280,P2_OUT,0.6319163550331985,True,134.81191865048083,140797.0,True
641,391.55,225.99,18,62,16610,12299,126.0,99.0,172.0,126.54414414414416,12299,P2_OUT,0.7404575556893438,True,126.6142932425311,198617.0,True
640,490.53,283.13,18,63,0,0,,,,,0,P2_OUT,,False,152.23589946566398,62926.0,False
767,478.02,344.51,19,0,0,0,,,,,0,P2_OUT,,False,,0.0,False
766,431.79,310.92,19,1,0,0,,,,,0,P2_OUT,,False,71.91080661915181,12434951.0,False
765,451.67,322.42,19,2,0,0,,,,,0,P2_OUT,,False,144.29882175983957,54295.0,False
764,385.57,277.33,19,3,0,0,,,,,0,P2_OUT,,False,71.80777117720224,536639.0,False
763,471.54,333.92,19,4,0,0,,,,,0,P2_OUT,,False,117.58963486454653,48128.0,False
762,405.44,288.83,19,5,0,0,,,,,0,P2_OUT,,False,161.7938596491228,56594.0,False
761,339.34,243.74,19,6,0,0,,,,,0,P2_OUT,,False,56.215297011721255,2360681.0,False
760,425.31,300.33,19,7,0,0,,,,,0,P2_OUT,,False,132.99949315762797,75820.0,False
759,359.21,255.25,19,8,0,0,,,,,0,P2_OUT,,False,115.13023846479469,79203.0,False
758,293.11,210.16,19,9,0,0,,,,,0,P2_OUT,,False,116.04464775846296,54305.0,False
757,379.08,266.74,19,10,0,0,,,,,0,P2_OUT,,False,146.16859041622945,77108.0,False
756,445.17,311.82,19,11,0,0,,,,,0,P2_OUT,,False,56.720640042795,880317.0,False
755,312.98,221.66,19,12,0,0,,,,,0,P2_OUT,,False,95.35508255420729,101687.0,False
754,246.88,176.57,19,13,0,0,,,,,0,P2_OUT,,False,,0.0,False
753,398.93,278.23,19,14,0,0,,,,,0,P2_OUT,,False,152.55455497382198,71204.0,False
752,465.03,323.3,19,15,0,0,,,,,0,P2_OUT,,False,72.22713113596384,1613751.0,False
751,332.84,233.15,19,16,0,0,,,,,0,P2_OUT,,False,78.09368635437882,101598.0,False
750,266.74,188.07,19,17,0,0,,,,,0,P2_OUT,,False,133.21074626865672,49830.0,False
749,200.65,142.98,19,18,0,0,,,,,0,P2_OUT,,False,,0.0,False
748,484.88,334.78,19,19,0,0,,,,,0,P2_OUT,,False,122.5115468409586,41637.0,False
747,418.79,289.71,19,20,0,0,,,,,0,P2_OUT,,False,58.42655130375505,251473948.0,False
746,352.69,244.64,19,21,0,0,,,,,0,P2_OUT,,False,102.09334657398212,87447.0,False
745,286.6,199.57,19,22,0,0,,,,,0,P2_OUT,,False,114.9233534891322,75844.0,False
744,220.51,154.49,19,23,0,0,,,,,0,P2_OUT,,False,75.887009415882,80636.0,False
743,438.64,301.19,19,24,0,0,,,,,0,P2_OUT,,False,,0.0,False
742,154.43,109.39,19,25,0,0,,,,,0,P2_OUT,,False,160.0,28678.0,False
741,372.54,256.12,19,26,0,0,,,,,0,P2_OUT,,False,118.3713139891484,106928.0,False
740,306.45,211.05,19,27,0,0,,,,,0,P2_OUT,,False,71.57462569637883,1076633.0,False
739,458.48,312.66,19,28,0,0,,,,,0,P2_OUT,,False,132.56127886323267,73394.0,False
738,240.35,165.98,19,29,0,0,,,,,0,P2_OUT,,False,76.31905402749005,104795.0,False
737,392.38,267.6,19,30,0,0,,,,,0,P2_OUT,,False,186.2320390606836,72545.0,False
736,326.29,222.53,19,31,0,0,,,,,0,P2_OUT,,False,61.38384179157228,120688.0,False
735,478.32,324.13,19,32,0,0,,,,,0,P2_OUT,,False,108.33521718068788,65943.0,False
734,174.27,120.9,19,33,0,0,,,,,0,P2_OUT,,False,141.5245283018868,25262.0,False
733,412.22,279.07,19,34,0,0,,,,,0,P2_OUT,,False,74.37045519610649,143448.0,False
732,260.19,177.46,19,35,0,0,,,,,0,P2_OUT,,False,118.59119496855348,59679.0,False
731,108.2,75.81,19,36,0,0,,,,,0,P2_OUT,,False,59.760437168083214,9225300.0,False
730,346.13,234.0,19,37,446,315,107.0,91.0,141.5,108.67692307692307,315,P2_OUT,0.7062780269058296,False,115.7781182960466,59556.0,False
729,432.06,290.54,19,38,0,0,,,,,0,P2_OUT,,False,174.6118721461187,63424.0,False
728,194.1,132.39,19,39,0,0,,,,,0,P2_OUT,,False,140.2435129740519,24481.0,False
727,280.03,188.94,19,40,0,0,,,,,0,P2_OUT,,False,138.77148846960168,50864.0,False
726,365.96,245.47,19,41,1642,1461,119.0,91.0,163.0,120.3152709359606,1461,P2_OUT,0.889768574908648,True,97.38610958402052,113203.0,True
725,451.89,302.0,19,42,0,0,,,,,0,P2_OUT,,False,205.9064200217628,69306.0,False
724,299.86,200.41,19,43,0,0,,,,,0,P2_OUT,,False,79.33540239726028,169503.0,False
723,385.79,256.94,19,44,1299,1162,167.0,124.0,235.0,168.0842105263158,1162,P2_OUT,0.8945342571208622,True,167.3723621511232,84645.0,True
722,471.72,313.46,19,45,0,0,,,,,0,P2_OUT,,False,119.7123314442056,57119.0,False
721,213.93,143.87,19,46,0,0,,,,,0,P2_OUT,,False,93.14306049822063,69420.0,False
720,128.02,87.32,19,47,0,0,,,,,0,P2_OUT,,False,57.10482313024562,280424.0,False
719,491.55,324.92,19,48,0,0,,,,,0,P2_OUT,,False,108.5943482224248,44374.0,False
718,405.61,268.4,19,49,1315,1265,212.0,147.0,302.0,212.93150684931507,1265,P2_OUT,0.9619771863117871,True,171.39427885577115,92812.0,True
717,319.68,211.87,19,50,0,0,,,,,0,P2_OUT,,False,112.17056510039328,69247.0,False
716,233.76,155.35,19,51,0,0,,,,,0,P2_OUT,,False,108.12477359629705,42171.0,False
715,425.44,279.86,19,52,44,42,156.0,111.5,232.25,154.66666666666666,42,P2_OUT,0.9545454545454546,False,115.53083592344184,91462.0,False
714,147.84,98.81,19,53,0,0,,,,,0,P2_OUT,,False,58.27129840168628,154714.0,False
713,339.5,223.33,19,54,0,0,,,,,0,P2_OUT,,False,111.5786690171882,71742.0,False
712,445.26,291.31,19,55,0,0,,,,,0,P2_OUT,,False,217.83257443082312,76543.0,False
711,253.57,166.81,19,56,0,0,,,,,0,P2_OUT,,False,96.93957703927492,56668.0,False
710,359.32,234.79,19,57,3156,2722,90.0,70.0,121.0,91.54352030947776,2722,P2_OUT,0.8624841571609633,True,86.598356982823,109228.0,True
709,465.08,302.76,19,58,0,0,,,,,0,P2_OUT,,False,143.7400995968698,68729.0,False
708,273.39,178.27,19,59,0,0,,,,,0,P2_OUT,,False,106.79579716765646,58106.0,False
707,379.14,246.25,19,60,4483,3711,117.0,88.0,161.0,118.55889145496536,3711,P2_OUT,0.8277938880214142,True,113.52502838270205,95715.0,True
706,484.89,314.22,19,61,0,0,,,,,0,P2_OUT,,False,111.3867708473663,50149.0,False
705,167.65,110.29,19,62,0,0,,,,,0,P2_OUT,,False,128.0901408450704,25424.0,False
704,293.2,189.73,19,63,0,0,,,,,0,P2_OUT,,False,100.42861852950874,53276.0,False
